titles,category
I Have A Pet   Animal Song   Super Simple Songs,pets
The Secret Life of Pets     Max and Duke Go on a Road Trip ,pets
Funniest Animals        Best Funny Cats and Dogs Videos    Part   ,pets
I Spent      Trying To Get EVERY New Lucky Block Plush in Pet Simulator    ,pets
PETS in English for kids,pets
Pets In English   Guessing Game,pets
Pets song for Kids   Care for Pets song for Children   I love my Pet,pets
The FUNNIEST Pet Videos of           BEST Compilation,pets
 MV    cm   pet,pets
  CM   pet  가사 Lyrics ,pets
When Phil Wants Attention  He Won t Stop Howling  ,pets
New Funny Animals   Funniest Cats and Dogs         Part  ,pets
IT S FINALLY DONE  Kim Jong Un s Private Plane shot down by South Korean Air Defense Missile,pets
                                                      ,pets
Our Favorite Songs About Pets   Kids Songs   Super Simple Songs,pets
Max Gets a New    Brother    The Secret Life of Pets   Mini Moments,pets
Pets   Learn more about pets for kids   Kids academy,pets
Blippi Pets Cute Animals in the Shelter    Educational Videos for Kids,pets
Blippi Cares For Pets At The Animal Shelter    Fun and Educational Videos for Kids,pets
FUNNIEST Cats   Dogs            BEST Pets to make you laugh ,pets
Pets   Dog  Cat  Rabbit  Fish  Birds  Hamster   More   The Kids  Picture Show  Fun   Educational ,pets
Best Pets of the Year   So Far       ,pets
Trading     LEGENDARY PETS until I get a SANDWICH   Adopt Me ,pets
The Secret Life Of Pets   Max Doesn t Like His New Roommate   Extended Preview,pets
The Secret Life of Pets   Hot Dog Heaven Scene   Fandango Family,pets
Pet Escape Artists   Funny Pet Video Compilation   The Pet Collective,pets
The SECRET of How To ACTUALLY Get Your First Huge Pet FAST in Pet Sim   ,pets
The Secret Life of Pets   Catching The Dog Catcher Scene   Fandango Family,pets
The Secret Life of Pets   ALL Clips   Trailers          Fandango Family,pets
Unleashing the SUMMON ARMY in Super Auto Pets,pets
I Spent All Night in Advanced Fishing And Got New Huge  Pet Simulator    ,pets
 Bassi   the ANIMAL Cast  Dad Son Relationships    Animal Park    Ranbir Kapoor  Anil K  Bobby D,pets
Funny Dogs And Cats Videos          Best Funniest Animal Videos Of The week,pets
This NOW Will Give You EASY HUGE PETS FAST in Roblox Pet Simulator     ,pets
Funniest Animals         Best Cats and Dogs Videos    Part   ,pets
       LIVE  Cat TV for Cats to Watch   Hopping Birds and Squirrels  K,pets
Hatching UNRELEASED EGGS In Adopt Me  Custom Pets,pets
Sand viper family drama    reptiles  venomoussnakes  viper  pets  venomous,pets
HUGE PET TRADES    Dog To Titanic DAY    ,pets
My Friend Flexed all his Mega Legendary Pets in Roblox Adopt me ,pets
The SECRET METHOD To Get  MAX  CLAN POINTS In PET SIMULATOR    ,pets
The humans newest  pet           Short Sci Fi Story,pets
Funniest Farm Animals,pets
The Secret Life of Pets  What do pets do when we leave   HD CLIP ,pets
   Funny Pet Videos Animal Compilation     ,pets
Blippi Takes Care of Cute Pets in the Animal Shelter   Blippi Full Episodes   Animal Videos for Kids,pets
Four Legged Lifeguard   Funniest Pets Of The Week,pets
Try Not To Laugh   Funny Pet Video Compilation        The Pet Collective,pets
Top    Easiest Pets to Take Care Of,pets
The Secret Life of Pets   You Know Tiny Dog  Scene          Movieclips,pets
The Secret Life of Pets  Saving Duke  HD CLIP ,pets
The Secret Life Of Pets            Captain Snowball   Cartoon For Kids,pets
PETS are the WORST,pets
PETS FOR KIDS  LAS MASCOTAS EN INGL S Y SUS SONIDOS ,pets
The Secret Life of Pets     Max Goes to the Vet   Fandango Family,pets
FUNNIEST Pet Fails Of         Try Not To Laugh,pets
My Dog Has a Pure Heart    shorts  dog,pets
Funniest Confused Pets Compilation   Funny Pet Videos,pets
The Secret Life of Pets     Dog vs  Cats Scene          Movieclips,pets
The World s Happiest Dog     FUNNIEST Pets Of The Month,pets
The Scratch   The Secret Life of Pets     Mega Moments,pets
FUNNIEST Pet Fails        Best Compilation     ,pets
   Minutes Of Animals And The People Who Love Them   Dodo Kids   Animal Videos For Kids,pets
   Cutest Pets You Can Legally Own,pets
THE SECRET LIFE OF PETS l SPORTS l   SEPT,pets
The Secret Life of Pets     Queen Gidget   Fandango Family,pets
The Secret Life Of Pets     New Adventures For The Pets   Extended Preview,pets
World s Cutest Animals ,pets
I Can t With These Pets       funny  dogs  pets  funnypets  afv  shorts,pets
Hilarious Cat CHASES Dog     FUNNIEST Animals and Pets,pets
Monster Pets   A Hotel Transylvania Short Film  Full    Sony Pictures Animation,pets
The Secret Life of Pets   Coming Home Scene   Fandango Family,pets
Best of Evil Snowball   The Secret Life of Pets   Cartoon For Kids,pets
Pets,pets
The Secret Life of Pets   Gidget Saves Max Scene          Movieclips,pets
The Secret Life of Pets    Crazy Cat Lady goes shopping,pets
Monster Pets  A Hotel Transylvania Short          Fandango Family,pets
Animals Who Just Can t Wait To Tell You Their Stories   Dodo Kids     Hour of Animal Videos For Kids,pets
   Funny Animal Videos To Crack You Up All Long Day,pets
The Secret Life of Pets   Secret Route Scene          Movieclips,pets
BABY PETS    Max the dog has Ticks,pets
   Minutes Of The Most Heroic Animal Rescues   Dodo Kids     Hour Of Animal Videos For Kids,pets
Lovable Pets Who Confuse Their Parents Every Single Day   Animal Videos For Kids   Dodo Kids,pets
The Secret Life of Pets  Animal Control Pursuit  HD CLIP ,pets
The Secret Life of Pets         Max Duke and the Snake    Cartoon For Kids,pets
Do You Have A Pet     Animal Song   Wormhole Learning   Songs For Kids,pets
The Secret Life of Pets         Snowball to the rescue   Cartoon For Kids,pets
Pet Song for Kids   Animal Songs   Sing and Move   Learn English Kids,pets
GUILTY Pets   FUNNIEST Compilation   Best of Internet,pets
Pets   Show and Tell   HiHo Kids,pets
The Secret Life of Pets     Cat Lessons   Fandango Family,pets
  Hour Of Funniest Animals   New Funny Cats and Dogs Videos    Part   ,pets
Sugar Glider Flaying animal   Exotic Animal   Adorable Animal   Baby So Cute Sugar Glider animal,pets
The Secret Life of Pets    Monkey vs Captain Snowball,pets
McDonald s   The Secret Life of Pets          USA ,pets
The Secret Life of Pets      Leonard Jump       In Cinemas May   ,pets
The Secret Life of Pets     Cat Lessons Scene          Movieclips,pets
The Secret Life of Pets   Puppy  And Bunny  Love   Fandango Family,pets
FEEDING ALL MY    PETS,pets
BABY PETS   Max Dresses up as a Lion   Educational Cartoons,pets
The Secret Life Of Pets            Circus Rescue Mission   Cartoon For Kids,pets
The Secret Life of Pets  Holiday Greetings Trailer   Animation   ScreenSlam,pets
The Secret Life of Pets     Chloe on Catnip Scene          Movieclips,pets
Best Funniest Animals Videos     Funny Dogs And Cats Videos         ,pets
Bug made Cutest Wooden House for all Pets,pets
  Cutest Exotic Pets In The World,pets
Top     Best Pets of the Year       ,pets
The Secret Life of Pets  Pops  Place  HD CLIP ,pets
Pets,pets
Types of Pet Owners in Minecraft,pets
BEST Pets of the Summer    Funniest Cats and Dogs,pets
Nastya and all the animals in her house,pets
   Minutes Of Animals Who Love Their Moms       Dodo Kids   Animal Videos For Kids,pets
Pets Aren t Just Pets  They re More  Best Friend   Chewy,pets
Guinea Pig   One Of The Best Alternative Pets  shorts,pets
   Minutes Of Ultimate Funniest Animals        Best Video  ,pets
Little Dog With No Front Legs Gets The Tiniest Set of Wheels   Animal Videos For Kids   Dodo Kids,pets
Funny Raven Gets VERY CHATTY with Pet Parent ,pets
Animals Collection   Sharks  Farm Animals  Pets  Insects   More   The Kids  Picture Show,pets
Time Warp Scan Pets TikTok Compilation        JoysPets,pets
Perry Farrell   Pets  Live from Pendry  Chicago ,pets
THE SECRET LIFE OF PETS   Clip    Fighting Sergei        ,pets
Pet Animals   Pre School   Learn English Words  Spelling  Video For Kids and Toddlers,pets
Minions At the Movies React to The Secret Life of Pets  Norman   Fandango Movie Moment       ,pets
I Broke      Pinata And Lucky Block To Get These In Pet Simulator    ,pets
These Special Puppies Need Our Help Getting All Better    Animal Videos   Dodo Kids,pets
Pets For Kids Song   More Nursery Rhymes   Kids Songs   CoComelon,pets
The FUNNIEST Pet Videos of        BEST OF FUNNY DOGS AND CATS,pets
Pets Have Fun With Bath Paint,pets
Pets Adoption,pets
Learn Names of Pets for Kids   Pet Animal Names and Sounds for Children  Kindergarten and Preschool,pets
Animals for Kids with Dr Poppy s Pet Rescue   Cartoons For Children,pets
Giant PETS Surprise Egg with Toys From The Movie by HobbyKidsTV,pets
   Biggest and Most Unique Pets People Actually Own,pets
The Secret Life of Pets   Busting You Out  Scene          Movieclips,pets
Blippi Takes Care Of Cute Animals in the Shelter      HOUR BEST OF BLIPPI   Blippi Toys,pets
The Secret Life of Pets     Cat Lady Backup   Fandango Family,pets
The Secret Life of Pets   Get the Keys  Scene          Movieclips,pets
DC LEAGUE OF SUPER PETS   Official Trailer,pets
Raccoon   One Alternative Animal To Have As A Pet  shorts,pets
MAKING NEON LEGENDARY DESERT Pets  Adopt Me Trades,pets
Class Pet Song   CoComelon Nursery Rhymes   Kids Songs,pets
Funny Dogs And Cats Videos          Best Funniest Animal Videos Of The week   ,pets
The Secret Life Of Pets   Official Teaser Trailer  HD    Illumination,pets
   Minutes Of Funniest Animals        Best Dogs Videos  ,pets
Eep Rescues Cute Pets   Mother Goose Club  Minecraft,pets
Happy Ending scene Secret Life of Pets Lovely Day by Bill Withers HD,pets
The Secret Life Of Pets            How to be a cat   Cartoon For Kids,pets
BABY PETS    A day with the puppy Max   Care  change of look  Go to the doctor and much more,pets
Pets   Book Version   Cat  Dog  Turtle   The Kids  Picture Show  Fun   Educational Learning Video ,pets
Pets Vocabulary  Animals at home  English ESL Lesson,pets
Secret Cat House in the  loset  We Build a Secret Room for Pets ,pets
Every Pet From The Loud House   Casagrandes      The Loud House,pets
   WELCOME to CATTOWN     VIP PETS   NEW SEASON   CARTOONS for KIDS in ENGLISH,pets
Rats    Why They Make Great Pets ,pets
New Family Pets for Trinity and Madison  It s So Fluffy   ,pets
Tab Time  Pets   Educational Videos for Kids   Taking Care of Pets   What Animals Make Good Pets,pets
Look After Your Pet   Best Hacks for Pet Owners ,pets
Animals Book Version Collection   The Kids  Picture Show,pets
Funny Animals That Will Definitely Brighten Your Day Funniest Animals     ,pets
Explore a Pet Shop   Handyman Hal works at Pet Supply Plus   Learn about animals,pets
Pets for Kids,pets
BEST PET GADGETS AND HACKS EVERY PET OWNER SHOULD KNOW,pets
Animals Collection Volume     Farm Animals  Mammals  Pets  Reptiles   The Kids  Picture Show,pets
My Pet  My Buddy   Animal Songs   Pinkfong Songs for Children,pets
I Love Pets   Badanamu Compilation l Nursery Rhymes   Kids Songs,pets
Shave Pets Hair   Pet Groomer On The Go   Video,pets
The Weirdest Pet Games,pets
New  Funniest Cats And Dogs Videos   Best Of The      Funny Animal Videos     Cutest Animals Ever,pets
Funniest Cats And Dogs Videos     Best Funny Animal Videos         ,pets
Better Together   VIP Pets Nursery Rhymes   Kids Songs   Pop Music,pets
Presidential Pets  a Brief History,pets
DAILY PET ROUTINE W     PETS         ,pets
Little Live Pets   Gotta Go Flamingo   TVC   ,pets
Comment if your pet is in here    pets  art,pets
These Animals Reunited With Owners After Years  ,pets
HOW i got ALL The MYSTERY TICKETS in Pet Simulator    Secret Scavenger Hunt,pets
GENIUS HACKS FOR SMART PET OWNERS,pets
Movieclips Mini  The Secret Life of Pets   Brian the Minion        Minion Movie HD,pets
Try Not To Laugh Dogs And Cats     Best Funniest Animals Video     ,pets
More Than  Just  a Stuffed Animal   MyPetsies ,pets
   Hero Animals That Saved Human Lives  ,pets
The Secret Life of Pets     Snowball s Rap Scene           Movieclips,pets
Rescued the smallest pet    Building a NEW Amazing HOUSE for Pets,pets
Exotic Animals    Pets Translated,pets
Pets Aren t Just Pets  They re More  Inheritance   Chewy,pets
Baby Animals  K   Amazing World Of Young Animals   Scenic Relaxation Film,pets
Blippi Learns About Animals For Kids At The Animal Shelter   Educational Videos For Toddlers,pets
  Party With Pets    More Playtime Fun in My Talking Tom    OFFICIAL UPDATE TRAILER ,pets
Cute little animals   Dog  cat  chicken  elephant  cow  tortoise   Animal sounds,pets
Neon Trees   Animal  Official Music Video ,pets
The Secret Life of Pets     Max Saves Cotton   Fandango Family,pets
A  English Listening Practice   Pets,pets
Alex and Eric Gets New Pet Animals   Learn About Wild Animal Reptiles,pets
Before   After Animals Growing Up  Incredible Animal Transformations,pets
The Secret Life of Pets    Snowball arrives with the tiger and Daisy,pets
Class Pet Sleepover   CoComelon Nursery Rhymes   Kids Songs,pets
The Secret Life of Pets     Go Fetch the Sheep  Scene          Movieclips,pets
Learn How To Care For Pets    Caitie s Classroom Field Trip   Animal Video for Kids,pets
The Secret Life of Pets   Norman s TV   Film Clip,pets
House Pets    videos for babies  toddlers  kids   Little Genius TV ,pets
Pet Party Roblox Puppy Kitten House,pets
BABY PETS     Kira takes a Colored Bubble Bath,pets
Animals teach us love   ,pets
Don t Follow Unfamiliar Pets   Safety Tips for Preschoolers   Kids Cartoons   Sheriff Labrador,pets
Pigeons Make Wonderful Pets ,pets
  SUPERWINGS  Super Pets  Full Episodes Live  ,pets
Living With Tigers  Family Share Home With Pet Tigers,pets
FUNNIEST Baby Animals of         ,pets
   Simple Crafts For Your Lovely Pets,pets
The Secret Life of Pets   Saving Duke Scene   Fandango Family,pets
Fire vs Water Pets  We Build a Secret Room in a Fish Tank,pets
DOGS   PUPPIES in  K     Hours   Relaxing Ambient Music Strings Cute Pets,pets
I Lost My Pet and MORE   Joy Joy World,pets
   MINUTES Of SpongeBob s PETS In Bikini Bottom    Nickelodeon Cartoon Universe,pets
The Secret Life of Pets Dive for Surprises,pets
   Unbelievable Pets Kids Actually Own,pets
   Pets That Ate Their Owners,pets
Show   Tell Pets   Show And Tell   HiHo Kids,pets
Before   After Animals Growing Up  Incredible Animal Transformations,pets
The Secret Life of Pets   Taking A Shortcut Scene   Fandango Family,pets
I OPENED A FREE PET STORE,pets
BINGE WATCHING All Episodes l Stone Age the Legendary Pet l NEW Dinosaur Animation,pets
Cute baby animals Videos Compilation cute moment of the animals     Cutest Animals     ,pets
Best video of Cute Babies and Pets   Funny Baby and Pet,pets
I Opened a FREE Pet Store ,pets
ALL My EXOTIC ANIMALS In ONE Video    Update ,pets
Nastya chooses a new pet,pets
best pet for kids,pets
Animal Friends   My Little Pet   Animal Songs for Kids   Preschool Songs   JunyTony,pets
Weird Pets I Had,pets
 NEW  Secret Life Of Pets Full Ride POV   Universal Studios Hollywood    K,pets
Rarest Pets Ever ,pets
Cute Pet Hacks And Crafts,pets
OPENED A FREE PET STORE  ,pets
SECRET LIFE OF PETS WITH ZERO BUDGET   shorts,pets
Funny Dogs And Cats Videos         Best Funniest Animal Videos Of The Month   ,pets
What     MILLION MAX DIAMONDS Gets You in Pet Simulator   ,pets
Extreme Makeover Bunk Bed for Pets  We Build a Hotel at Home for Pets,pets
The Secret Life of Pets   Scary Snowball Scene   Fandango Family,pets
Funniest Animals        Funniest Cats and Dogs   ,pets
The Secret Life of Pets   Max Meets Duke Scene          Movieclips,pets
   Minutes Of Animals Who Are Absolutely Obsessed With Each Other   Animal Videos   Dodo Kids,pets
Most Dangerous Animals Kept As Pets,pets
TAMING every  CUTE  PET in MINECRAFT ,pets
Pet Shop Boys   West End Girls  Official Video   HD REMASTERED ,pets
The Secret Life of Pets   Home Alone Scene   Fandango Family,pets
I Saved   Elements Pets from Jail  Fire  Water  Air and Earth Pets,pets
   SHINE TOGETHER     ENGLISH Version    Official Music Video   VIP PETS   SING WITH US   KARAOKE,pets
   Amazing Pets Who Saved Their Owners,pets
Fizzy the Pet Vet Helps Mama Guinea Pig and Babies,pets
Try Not To Laugh Challenge The best and funniest pets in the world      XXcute,pets
Noob Gets INFINITE PETS in Pet Simulator X    ,pets
THE SECRET LIFE OF PETS   Clip    Gidget Lost Busy Bee        ,pets
Incentives Ad  Monster House  All Pets Desktop,pets
GIVING ALL MY ANIMALS THEIR DINNER  Daily Routine ,pets
Poisoned Pets Part           Bondi Vet Compilation   Bondi Vet,pets
VIP PETS Season   Adventures   Full Episodes of ALL S  Compilation    Enjoy Cartoons for Kids,pets
Secret Rooms For Pets,pets
Playing with pets at home Pink Dog Cafe,pets
Blippi Visits an Animal Shelter   Plays with Cute Pets      HOUR OF BLIPPI   Animal Videos for Kids,pets
PETS   Welcome to New York   Taylor Swift   Video Musical  ,pets
AWW Animals SOO Cute  Cute baby animals Videos Compilation cute moment of the animals   ,pets
  Worst Octopuses To Keep As Pets,pets
Letting Animals Loose at the Krusty Krab     A Place For Pets  Full Scene   SpongeBob,pets
TOP    Most Creative Minecraft PET Houses Ever  ,pets
Chinchilla   One Alternative Animal To Have As A Pet  shorts,pets
What Do You Hear    Animal Song   Super Simple Songs,pets
Porno for Pyros  Pets  on the Howard Stern Show       ,pets
INSANE TRADES FOR         RAINBOW PEGASUS in Pet Simulator X ,pets
The Secret Life of Pets     Circus Monkey   Fandango Family,pets
 Have  Do you have pets    Exciting song   Sing along,pets
NEW Adopt Me Desert Egg Pets in Roblox,pets
Pick One Kick One   Animals Edition   ,pets
Hamster Escapes the Awesome Maze for Pets in real life   The Best Hamster Challenges,pets
DC League of Super Pets   Full Movie Preview   Warner Bros  Entertainment,pets
Funny Animal Videos        Comedy Voiceover        ,pets
I Saved Every SICK ANIMAL    Pet Doctor,pets
Visiting EVERY ANIMAL YouTuber s HOUSE    EPIC PETS ,pets
   Cute Exotic Animals You Can Own as Pets,pets
   Most Dangerous Animals Kept As Pets,pets
The Secret Life of Pets   You re In Love Scene          Movieclips,pets
Most Dangerous Animals ,pets
Cute Pomeranian Puppies Doing Funny Things      Cute and Funny Dogs,pets
Whisker Haven Tales with the Palace Pets   Season    Episodes          Disney,pets
ALL MY ANIMALS IN ONE VIDEO   FULL PROPERTY TOUR   ,pets
BINGE WATCHING Episode   to    l Stone Age the Legendary Pet l NEW  Dinosaur Animation,pets
    STELLA     VIP PETS   HAIRSTYLES       Full Episodes   For KIDS in ENGLISH,pets
BUYING EVERY FISH from This PET STORE  ,pets
Why Pet Rats Are Called  Pocket Puppies ,pets
Cute Pets and Animals for Kids with Blippi     Hours of Blippi   Educational Videos for Kids,pets
Rainbow Friends as PETS in Among Us,pets
Animal Story for Kids   MORE Stories for Children from Steve and Maggie   Learn Wow English TV,pets
My Favorite Pet  A K A The Best Pet ,pets
I Adopted EVERY Dog In A Dog Shelter,pets
Toca Pet Doctor   I Tried Treating These Poor Animals   ,pets
The Secret Life Of Pets     It s Gonna Be a Lovely Day  Lyric Video    Illumination,pets
THEYRE NOT  pets  bird  parakeet  cuteparrot  budgie  parrot  duet  cuteanimals  cockatiel,pets
   Unique Animals You Won t Believe Exist,pets
I Want a Pet and MORE Animal Songs for Kids   Joy Joy World,pets
Teaching Kids to Care for Pets   Videos for Toddlers,pets
Why is NOONE Talking About This INSANE Secret Pet Sim    Update   How to get the huge Poseidon corgi,pets
 Santa s Magical Reindeer Song    Elf Pets  Santa s Reindeer Rescue,pets
Awesome Gadgets And Hacks Every Pet Owner Should See,pets
Reech Hmara Big Zoo Ponch Gea  ,pets
Bro is off the Benilyn for sure  Super Auto Pets ,pets
Adopting AMAZING DIGITAL CIRCUS PETS in Minecraft ,pets
BABY PETS    Kira Takes Pictures on Snapchat   Children s Cartoons,pets
Don t Go with Others  Pets   Kids Safety Cartoon   Kids Cartoon   Sheriff Labrador,pets
THE SECRET LIFE PETS   Clip    Daisy tells the story of Hu        ,pets
Sago mini School   Pets  new update  more content  more fun  ,pets
Whisker Haven Tales with the Palace Pets   Season     Episodes          Disney,pets
Pet Care   We Love Our Pets   CoComelon Furry Friends   Animals for Kids,pets
WE OPENED A FREE PET STORE ,pets
Minecraft but Pets Beat the Game for you,pets
Pet Shop Boys   Heart,pets
Kids Share Their Pets   Show   Tell   HiHo Kids,pets
   Minutes of Adorable Puppies  ,pets
The Secret Life of Pets   The Owners Leave Scene          Movieclips,pets
CUTEST Animals from TIKTOK that will MAKE YOUR DAY   ,pets
Funny Animal Videos Of The Day           fyp  memes  memedaily  dankmemes,pets
My Morning Pet Care Routine For    Pets    Vlog,pets
Husky SHOCKS Delivery Driver   FUNNIEST Pets Caught on Camera  ,pets
DC League of Super Pets          The Justice League s Super Pets Scene   Movieclips,pets
Alex Helps Eric Babysit His Pets and More Fun Stories,pets
DOG WEARS A DIAPER   funny  pets,pets
Funny Babies Playing with Dogs Compilation   Funny Baby and Pets    Cool Peachy,pets
Can you find the real dog   shorts,pets
I Rescued     Abandoned Dogs ,pets
Bug s Eggville Picnic for Pets   Little Big Toys,pets
the MOST Powerful Fuse in Pet Simulator     ,pets
We Adopted Four Elements Pets  Fire  Water  Air and Earth  Incredible Dogs Life,pets
Pets   Trailer deutsch   german HD,pets
Pet Care Song   CoComelon Nursery Rhymes   Kids Songs,pets
AFRICAN HOME  OWNING PETS,pets
The Secret Life Of Pets   Trailer     HD    Illumination,pets
I Tested  Pet Friendly  Ubers With Exotic Animals,pets
We Build Secret Rooms  Secret Rooms for   Elements Pets   Part  ,pets
Prank your pet,pets
All Neon Desert Egg Pets REVEALED  Adopt Me,pets
 Most Trending  Animal Videos   Funniest Cats and Dogs           Pets Island,pets
Hailey  we are a team     Episode     V I P  by VIP Pets   Cartoons for kids in English,pets
We Adopted   Elements  Pets  We Build Secret Rooms for Pets,pets
Funniest Animals         Best Dogs and Cats Videos of The Month   ,pets
Stop trying to make the guinea pig happen  Super Auto Pets ,pets
  Hour Of  Funniest Cats and Dogs   Funny Animals Compilation    Aww Pets,pets
You Laugh You Lose   Funniest Animals         Part   ,pets
Playing Minecraft as a HELPFUL Mystery PET ,pets
DC League of Super Pets   End Credit Scene,pets
BABY PETS Max Dresses up as Night heroes   Cartoons for Kids,pets
Meet My Pets   pets  fyp,pets
Vlad and Mom exchanged cat and dog pets,pets
DC League of Super Pets   Orange Kryptonite   Warner Bros  Entertainment,pets
Sesame Street  Learn About Animals with Elmo    Elmo at the Zoo Compilation,pets
Pet Shop Boys MIX Greatest Hits   Full Album   Best Songs Of Pet Shop Boys,pets
Must Have GADGETS for your CAT  How to Sneak Pets from Parents by La La life Games,pets
Minecraft Parody   SECRET LIFE OF PETS     Minecraft Animation ,pets
Funniest Pet Fails    ,pets
Elmo s World  Pets        DVD ,pets
Little Live Pets   Mama Surprise   How To Care   Play,pets
The Secret Life of Pets     Captain Snowball   Fandango Family,pets
BABY PETS    Kira s Rainbow New Look Compilation,pets
Top   BEST pet reptiles you can ACTUALLY OWN   reptiles  pets  top   venomoussnakes  funnyanimals,pets
Funny Animal Videos       Best Dogs And Cats Videos        ,pets
Happy Iguana Smiles When Pet Parent Returns Home  Shorts  Iguanas,pets
  signs your dog is truly happy with you     pug  dog  pets,pets
What Pets Teach Us About Life   Why Humans Like Having Pets,pets
Whisker Haven Tales with the Palace Pets   Season    Full Episodes       Disney,pets
The Secret Life Of Pets     Official Trailer  HD    Illumination,pets
NEW  DESERT EGG  in Adopt Me  All    Pets HATCHED    Roblox,pets
Before   After Animals Growing Up  Incredible Animal Transformations,pets
i Bought INFINITE PETS  and DID THIS    in Pet Simulator X ,pets
Bug s Puppy Preschool Pet Routine   Little Big Toys,pets
i SPENT        on PLUSHIES in Pet Simulator   ,pets
What Is It  Song   Animals   English Pattern Practice for ESL   ESL for Kids   Fun Kids English,pets
  Remember to close the windows and doors to keep your pets safe  sad  animals  love  pets  shorts,pets
ALL OF MY PETS       ,pets
Funny Animal Videos       Best Dogs And Cats Videos        ,pets
The saddest Pets s story     Tik Tok meme   capybara   shorts,pets
Getting Infinite Items With       Drops Using This Method In Pet Simulator    ,pets
The saddest song is Pet s story  based on true stories      shorts  sadcat,pets
Funny animals   Funny cats and dogs   Funny animal videos      ,pets
Cutest baby animals Videos Compilation Cute moment of the Animals   Cutest Animals   ,pets
   HOUR  Best of the WEEK  Funny Pet Videos   September     ,pets
PETS tamil dubbed animation movie comedy adventure vijay nemo,pets
Bug opened a restaurant for Pets    Little Big Toys,pets
Unusual Animals That People ACTUALLY Own As Pets ,pets
Pet Rescue      Minute Compilation   Doc McStuffins    disneyjunior,pets
The Secret Life of Pets  Max  this is Duke   HD CLIP ,pets
AWESOME HACKS FOR PET OWNERS    Cute DIYs  Fun Toys and Useful Gadgets,pets
We Adopted Four Elements Pets    Secret Room For Magic Pets,pets
Sesame Street  Elmo s Pets Compilation      Minutes,pets
Exotic Animals   Top    Exotic Pets  pets  animals  shorts,pets
The Pet Competition at Peppa s Playgroup   Peppa Pig Official Family Kids Cartoon,pets
Meet Ryan s New Pet Kangaroo    ,pets
Relax with your Pets watching a Forest Stream with Squirrels  Crows and Deer      Hour Cat   Dog TV,pets
Secret Life of Pets Drawing and Painting Max Gidget Snowball Chloe Buddy Duke Kinder Surprise Toys,pets
Hey one in a Million love cat     Cute kitten hugs puppy  shorts  pets  cats  puppy  dog,pets
BABY PETS      Kira dress up as Wednesday from Addams Family,pets
Exotic Animals That You Can Legally Own  shorts,pets
Funniest Cats and Dogs    Funny Animals        Part   ,pets
We got a new pet ,pets
BTS  방탄소년단  with animals,pets
I SPENT   TRILLION GEMS in Pet Simulator X,pets
BABY PETS   Kira and Max dress up as a Panda Bears,pets
Finally Apna Reech La Lia   Surprise  ,pets
Feeding All of My Animals   Why I Rehomed    Pets ,pets
Funny animals         Funniest Cats and Dogs Video       shorts,pets
DC League Of Super Pets Final Battle,pets
  Hamster vs Pop It maze for pets   Escape in real life,pets
What Type of Animal is Zooli s New Pet     Ocean Animals  Music Video   Bubble Guppies,pets
  World s smallest puppy  funny  cute  dog  pets  animals  funnypuppy  shorts,pets
    Animals of the World   Learning the Different Names and Sounds of the Animal Kingdom,pets
Monkeys Reacting to Magic For The First Time  Funniest Animals and Pets,pets
Pet must have    Link in Comments   amazonhaul  amazonfinds  pets  amazon  fyp,pets
My Alligator Picks out a New Toy at the Pet Store ,pets
Scanning My Cats Paws    cats  shorts  pets  sphynx  hairlesscat,pets
    Craziest Animal Births Caught on Camera,pets
  HOURS OF BLIPPI ANIMALS   Best Animal Videos for Kids   Educational Videos for Kids   Blippi Toys,pets
BABY PETS Kira Dresses up as Ice Princess   Educational Cartoons for Kids,pets
Blackpink VS Lisa with pets     jisoo jennie ros  lisa pets,pets
   Minutes Of Fearless and Fuzzy Animals   Animal Videos   Dodo Kids,pets
   HERO ANIMALS THAT SAVED HUMAN LIVES,pets
Good Dog vs Bad Cat  Life of Different Pets,pets
Pet Update   Meet my Pets   ,pets
Guess The Animal Sounds For Kids    K,pets
Three Pet Gadgets    dogslover  pets  petlover  shorts  amazon,pets
   SHINE TOGETHER    ENGLISH Version   VIP Pets in English    Official Music Video   VIP PETS  ,pets
Meet all my pets     ,pets
I Spent    TRILLION GEMS in Pet Simulator X,pets
Caleb s FIRST PET  Buying a FISH at PETSMART  Family Fun Day with Mom   Dad ,pets
HOW TO TAKE CARE OF YOUR PET  Tips and Hacks  Cat s Makeover  Building a Secret Room by Coolala,pets
Emotional Reactions to Plushies of Past Pets   Petsies ,pets
To The Rescue   ,pets
The saddest Pets s story     Tik Tok meme   shorts,pets
This is the perfect sound for Mr  Marshmallow    hamster  shorts  pets,pets
  Hamster Escapes the  Creative Maze for Pets in real life   in Hamster Stories,pets
The Secret Life Of Pets          Ending Scene  UK Version ,pets
Guess THE ANIMAL Game     Exotic   Scary    ,pets
Elmo s World  Pets,pets
New animation movies      Pets United,pets
BFF Pets   Dolls Best Furry Friends   Giant Surprise Package Box   Cookie Swirl C Doll    ,pets
   Ways to SNEAK PETS INTO THE MOVIES  Sneak Pets Not Snacks into The Movies by KABOOM ,pets
Animals for Kids    min Farm animal sound,pets
The Secret Life of Pets Parody  shorts,pets
Dihat Me Snow Dakhi   Or Chakor Pakar lia  ,pets
Adorable Crocodile Wants Cuddles ,pets
Famous Footballers   Their Dogs   Pets,pets
Presidents Debate Pets   ,pets
why you DON T want foxes as pets    shorts  fox  animalsanctuary,pets
Makeover of Homeless Kitten   Gadgets and Hacks for Pets ,pets
Four Legged Lifeguard      Funniest Pets,pets
TRY NOT TO LAUGH Cats And Dogs Reaction To Fart Bad Pets   ,pets
Please spread the word     shorts  tips  pets,pets
Funny And Cute Animal Videos Try Not To Laugh Or Smile,pets
I Got  SECRET  HOT DOG PET  ,pets
  Hamster Escapes the  Pool Maze for Pets   in Hamster Stories,pets
BABY PETS    Kira and Max Dress up as your favourite Cartoon Characters,pets
Buying My  DREAM  Pet      ,pets
Best of the Month   Pets Translated,pets
Nastya studies who alpacas are and takes care of animals,pets
DC League of Super Pets  Green Lantern Scenes ,pets
Top    Athletic Pets   Best Pets Of The Year     ,pets
Rescue Lovely Fluffy Pet     Wash and Watch A Dirty Ball Become a Plushie,pets
When Animals Love You,pets
The Perfect Gift for Pet Loss   Petsies ,pets
i FOUND MAGIC Pools   EQUIP   MAGIC ORB Enchants in Pet Sim   ,pets
BiBi s first day come home  babymonkey  monkey  animals  pets,pets
Everything I HATE in Pet Simulator     New Update ,pets
  Ways To Heal After Losing A Pet    shorts  dogowners  dogdad  dogmom,pets
I got a new pet ,pets
Adopt Me Lunar New Year Pets Update     ,pets
Cute pet dog hair coloring         petdog  haircoloring,pets
Doggy   TITANIC  Day     LUCKIEST TRADE EVER    Pet Simulator    Roblox ,pets
Ryan ToysReview first pet Buying Hamster from PetSmart,pets
Do you have any pets  Comment below     shorts  pets  catlover  catvideos  dogs  funnycats  comedy,pets
Bug makes Eggville house for pets      ,pets
How WOULD You RATE this DOG     Wholesome Animals,pets
How To Teach  I Have A Pet    A Pets Song For Kids,pets
   Pets That Ate Their Family,pets
Exotic Animals You Can Actually Own  ,pets
Little Live Pets Mama Surprise Guinea Pig with   Surprise Babies with Encanto Mirabel and Isabela,pets
Hatching EVERY Pet In Adopt Me DESERT Egg Update,pets
Puppy School Scene  HD    Secret Life Of Pets  ,pets
The FUNNIEST Animals Being Absolute Jerks   Pets  Dogs  Cats  Shorts,pets
Animals That Asked People for Help   Kindness  ,pets
Bug s Craftivity   Create Fire VS Ice Pet Home    Little Big Toys,pets
When you collapse your pet ,pets
   MUST SEE       Cute Baby Animals   ,pets
Chinchilla     and care with Small Pet Select   phillychinchilly,pets
Donut Raccoon      Funniest Pets Of The Week,pets
Funny Animal Videos       Best Dogs And Cats Videos        ,pets
  Pets Are Stronger Than   Pets   Super Auto Pets,pets
New Funny Animals   Funniest Dogs and Cats Videos    Part   ,pets
Best of Puppy Dog Pals Season        Minutes   Compilation   Disney Junior,pets
   Abnormally Large Animals That Really Exist,pets
Funny Animal Videos Of The Day           fyp  memes  memedaily  dankmemes,pets
A Plushie to Remember Your Past Pets   Petsies ,pets
Humans fear loneliness  and sodo pets     fiberart  woolfelting  pet  woolfelt,pets
funny animals  shorts,pets
Pet a vida secreta dos animais,pets
Be honest  who you choosing   pets  shorts  chinchilla,pets
FUN CHALLENGE  Try NOT to laugh   Funny   cute dogs and kids,pets
Learn about Adorable Animals   Cat  dog  duck  otter  cow  squirrel  otter   Animal Sounds,pets
Pet rabbit meets wild rabbit for the first time,pets
I GOT A PET   ,pets
MAKING ALL    NEON DESERT PETS IN ONE HOUR in Adopt me ,pets
I Tested My Cat s IQ     shorts  pets  sphynx  hairlesscat,pets
Dog Pet Puppy Pomeranian Grooming Teddy bear style,pets
I Gave My Pet Ant Colony a Baby Mouse,pets
   Interesting Animal Moments Caught On Camera,pets
                                   VIP PETS                                                        ,pets
Funniest Pets as Gym Memes ,pets
Turning Friends into ANIMALS in Minecraft ,pets
My Pet Is Crazy      Funniest Pets Of The Week,pets
I MET WITH THE KING OF EXOTIC PETS     Iguana  Danger Turtle  Snakes  Frogs Etc ,pets
Super Wings Super Pets Jett  Donnie  Paul  Dizzy appeared    DuDuPopTOY,pets
The end      cute   viral  shorts  pets  petsfriendships,pets
Top   cute animals ever    ,pets
Heavily requested pt       animals  pets  funny  cute  photography  goodnews  funnyanimals,pets
Five Pet Gadgets   Links in Comments   amazonhaul  amazonfinds  dogs  amazon  fyp,pets
Super Pets is Beautiful,pets
The Secret Life of Pets   Full Movie,pets
Laughing Paws  Hilarious Moments from the Veterinary Clinic    ,pets
Dubai Pet Market   Parrots  Dogs  Cats  Tortoises  Reptiles      ,pets
I Rescued A Bird Chick     pet   sauravjoshivlogs,pets
appuz    shortvideo  viral  dog  dogs  shorts  pets  pet   puppy  puppies  pomeranian  love trend,pets
Stop using these cages  hamsters  pets  fyp,pets
TERCERA TEMPORADA COMPLETA   VIP PETS   CAP TULOS COMPLETOS   DIBUJOS ANIMADOS para NI OS en ESPA OL,pets
i REDEEMED  DAY    TITANIC AXOLOTL   GOT INSANE PROFIT in Pet Simulator       Roblox ,pets
CUTE LITTLE ANIMALS   KITTEN  PUPPY  CHICK  COW  SQUIRREL  BEAR   ANIMAL VIDEOS,pets
Every Hashira s Secret Pets Revealed   Demon Slayer Hashira Favorite Animals Explained,pets
Cool Pets  멋진 애완동물   Hi High       ver  M V,pets
I Surprise My Dogs   Try Not To Laugh Impossible   Funny Dogs   Cats   Best Funny Animal Videos    ,pets
I Gave Everyone  FREE  Titanic Pets ,pets
These   Pets Ate Their Owners ALVE In Front of EVERYONE ,pets
Mine   mine mine    animals  pets  foryou  youtubeshorts  explore  reptiles  animal,pets
Pets com Sock Puppet Commercial   Dog Park ,pets
The end      cute  viral  pets  shorts  petsfriendships,pets
Why Bibib Why    animals  burunghantu  funnyvideo  owl  funny  pets  cute  funnyanimal  cuteanimals,pets
Animal   Official Announcement   Ranbir Kapoor   Rashmika M  Anil K  Bobby D   Sandeep Reddy,pets
Taking care of animals   Kindergarten,pets
pets com   delivery,pets
When a marmot is a pet  you can relax with it,pets
 America pet  shop                    shorts  tamilvlog  shortsfeed  youtubeshorts  ytshorts  pets,pets
Hamster Escapes Prison Maze   Best of Hamster Adventures pets in real life  Live Stream,pets
Reech Ka Sath Khoob Dance Kia  ,pets
Smiling Critters Pets in Among Us  Poppy Playtime  Chapter   ,pets
The WORST Pet in Pet Simulator X   ,pets
The end      funny  viral  shorts  pets  petsfriendships,pets
The Animal Packs of Our Animal Kingdom   BBC Earth,pets
We are engaging in positive self talk  Super Auto Pets ,pets
The Strongest Pet In Roblox Pet Simulator X,pets
Can My Cat Solve The Most Expensive Puzzle     shorts  sphynx  hairlesscat  pets,pets
Chennai cheapest pets Broadway Market In Telugu                             ,pets
What are pet animals answer ,pets
  LACK KA TOOTA LA LEEYA   SYED FAHAD   THE FUN FIN   PETS LOVER,pets
Royal Hobbies Petshop Exotic Pets Cats  Dogs   Tegu  Rabbits  Guinea Pig Hamsters   Exotic Birds,pets
i GOT the HUGE STUNT Unicorn in Pet Simulator X   roblox  petsimx,pets
   Things to Consider Before Getting a Pet,pets
The end      funny  viral  shorts  pets  petsfriendships,pets
This man carves Tree Trunks into replicas of people s past pets   ,pets
 unLEAshed    Super Discounted Prices   Bocaue Pet Market   Sept          ,pets
Bodyguard cats protect the restaurant owner all the time,pets
CELEBRITIES WHO HAVE VERY CUTE PETS  shorts,pets
So Cute Pets   Videos Compilation cutest and funniest moment of the animals  Cute Moments,pets
Funny Pets         Funny Dogs And Funny Cats Videos          ,pets
Birthday Axoloty  Trading Plaza  Selling Pets Hats    Roblox Pet Story News,pets
Bird Realizes It s Too Cold Out To Go For A Pedicure    animals  pets  birds  funny  cute  fun  lol,pets
Slow Vs Fast venomous snakes  They re weird   venomoussnakes  reptiles  pets  gaboonviper  boomslang,pets
Funny Pets         Funny Dogs And Funny Cats Videos          ,pets
      highly recommend a bathroom buddy  animals  cat  catvideos  cute  cutecat  pets  cuteanimals,pets
The end      funny  viral  shorts  pets  petsfriendships,pets
Trap Laga Ky Fox Pakar Li   ,pets
FUNNIEST Pet Fails of July      ,pets
Bird Has An Important Message For Her Friend Einstein     animals  pets  birds  funny  cute  fun,pets
 CAT FEST      GROTTO PET MARKET SPECIAL   SEPT         ,pets
The end      funny  viral  shorts  pets  petsfriendships,pets
Funny cat and dogs    episode      shorts  cat  pets  fail  dog,pets
The secret life of pets   cartoons for kids full movie English subtitles   cartoon all,pets
Funny cat and dogs    episode      pets  funny  dog  cat  shorts,pets
Asmr bathtime with Yuki    dogshorts  dog  dogmom  petowner  pets  asmr  bathtime  doglover,pets
Test Scores Determine Pets ,pets
Poor Dog   This is very Funny    funny  dog  comedy  pets  animals  diy  trynottolaugh,pets
Day in our life vlog   dogshorts  dog  petowner  vlog  dogmom  doglover  petlover  pets  dogowner,pets
New Patch Significantly Buffs Leveling the Pets in Diablo   Season  ,pets
Welcome to Prince s training camp  funnyanimals  birds  crazybirds  parrot  funnybirds  funny  pets,pets
Do hamsters like Humans   fyp  hamsters  pets,pets
Funny cat and dogs    episode      cat  pets  funny  dog  shorts,pets
  Hamster Escape Maze   Hamster Cute pets Maze  hamsterescape  mazediytraps     ,pets
Funny cat and dogs    episode      shots  pets  fail  dog  cat,pets
Dangerous Animals Attack on My Pets    Rabbit is No More    Hammad pet house,pets
Get ready for bed with us   dogshorts  dog  dogowner   dogmomlife  petowner  pets  skincare  grwm,pets
Funny cat and dogs    episode      cats  funny  pets  animals  shorts,pets
Summer Love Pets,pets
     rats                                 rabbit  broodyhen  chicks  pets  youtubeshorts  dog,pets
  The FUNNIEST Animal Jerks ,pets
 LIVE PET SIMULATOR           SUB   HUGE PET GIVEAWAY   GEMS   PETS   REAL    ,pets
Funny Pets         Funny Dogs And Funny Cats Videos          ,pets
Prince x instant pot  funnyanimals  birds  crazybirds  parrot  funnybirds  funny  pets  funnypets,pets
rockysimba ko bhi office   jana hai  pets  shortvideo  shorts  cute  funny  doglover  dog,pets
Funny Pets         Funny Dogs And Funny Cats Videos          ,pets
                                       rabbit  broodyhen  chicks  pets  youtubeshorts  ytshorts,pets
The easiest Pet that s Surprisingly fun ,pets
    LIVE   PET SIMULATOR      MAILBOX GIVEAWAYS FOR FREE PETS,pets
 ROBLOX PET SIMULATOR    MYTHICAL PET GIVEAWAY LIVE ,pets
sapientdream   Past Lives  Lyrics ,pets
     puppy                    chicks  rabbit  broodyhen  pets  youtubeshorts  ytshorts  dog  viral,pets
Harlequin Baby Bunnies Days     ,pets
Rabbit Ke Bil Se Bache Nikale   Pets Vlog,pets
  MAILBOX GIVEAWAY  OP PETS AND EXCLUSIVE PETS    PET SIMULATOR     NEW VALUE LIST  GENGAR VALUES ,pets
They love this stuff  shorts pets,pets
Buying ALL The Last HUGE Pets In Pet Simulator ,pets
Little Things,pets
  LIVE HATCHING HUGE PETS FOR THE CLAN      Pet Simulator         ,pets
Baby Rabbit     Day to    Days Old   Ang cute bilis lumaki ,pets
 LIVE Giving Free OP Pets In Pet Simulator   ,pets
why is it so cold ,pets
Candling Eggs    Want new chicks incubated day         pets  hen  shorts  youtube  pets,pets
Fox lena Krachi Pet Market Agea  ,pets
How Much Does A Quokka Cost ,pets
Axolotl to Huge Pet Episode     Profits in the Trading Plaza  ,pets
Holland Lop Rabbit Giving Birth,pets
Porno For Pyros   Pets   Dominator               Woodstock   ,pets
I Spent Over     K To Travel With My Cat   ,pets
Rabbit giving birth to   baby bunnies,pets
   hours of your dog s favorite relaxation music Stress relief for dogs who are alone  ,pets
Better Than TinyTask  Will Get You Huge Poseidon Faster in Pet Simulator   ,pets
Bunnies Playing In A SandBox,pets
Coconut Club   Super Auto Pets,pets
I Used       SECRET KEYS And GOT THIS     Pet Simulator    ,pets
I Hatched    Huge Pets with OP HUGE POTIONS    Pet Simulator    ,pets
Funny cat and dogs    episode      pets  dog  cat  shorts  fail,pets
Goldfish gift mili  minivlog  fish  aquarium  petsvlog  fishing  pets  guppy  goldfish  fishing  pet,pets
  체포영상 포함    초  시베리아허스키를 키우기 위해서는  마음을 단단히 먹어야 합니다    허스키헤라 의 일상    먹고  자고  놀고  씻고  교육하고 ,pets
 LIVE  Pet Simulator        AFK  Hatching Huges For Clan Battle   Roblox ,pets
Banana Cha Cha Petty ver    Sing and Dance Along Pororo s Banana song    Pororo the Little Penguin,pets
I Went ADVANCED Fishing for    HOURS   GOT    Pet Simulator    ,pets
  Hour of Funniest Animals        Funniest Cats and Dogs   ,pets
              GEMS Trading Montage       Pet Simulator    ,pets
How To Complete THE SCAVENGER HUNT In Pet Simulator      All Steps ,pets
 EASIEST TUTORIAL  How to AFK FISH in Pet Simulator    ,pets
 년에 보호소에 들어가는 반려동물의 수가 몇 마리인지 아시나요 ,pets
Cat to Titanic       FREE HUGES      M Gems Profit   Pet Simulator    ,pets
Cute Baby Animals Videos Compilation   Funny and Cute Moment of the Animals       Cutest Animals,pets
which pet do you want part    animals  favorite  react  shorts,pets
        www                 ,pets
My One Eyed Cat Has Better Outfits Than Me    ,pets
냥님  왜그러시오 정말    shorts  브리티시쇼트헤어  스타벅스 는 PPL ,pets
Einstein s Proposal To Cosmo   animals  pets  birds  funny  cute  fun  parrot  lol  youtubeshorts,pets
Top    Easiest Pets for Beginners ,pets
Massive Slug Fest  SUMMON   SNIPER WIN    Super Auto Pets Replayed,pets
The surprising loving bonds of pets       dogandduck  petslover  doglover dog and birds  irosh th kj,pets
                Cats Live Stream  live                              ,pets
 The Adorable World of Cute Pets  Here s What s Good  ,pets
Funniest Animals        Best Funny Cats and Dogs Videos     pet cats prank      ,pets
  Reasons Why You Should Get A Hamster  pets  cute  information  petcare,pets
Stylish Pet Shop Finds and Accessories,pets
Noticing Practice with Your Pet Day  ,pets
Experience the power of vitality with our special multivitamin for pets     ,pets
   Best Ways to Reduce Shedding in Dogs   Pet Chao Podcast EP  ,pets
Funniest Cats    Funniest Pets Stories,pets
Aseel Murga Ki Malish Kr Di  jamshaid  minivlog  petsvloging  chicken  dailyvlog  pets,pets
Taking my Kitten to the Vet   COZY Pet VLOG,pets
Thinking of Getting a Dog  Learn How to Choose the Right Breed for Your Lifestyle ,pets
Bearded Dragons and Salmonella  Popular Pets Pose Rare but Real Health Risk,pets
A nice person brings this poor stray cat to my clinic ,pets
말라뮤트 귀요미   쪼꼬미 옥순이   미용봉사 완료 ,pets
LEGENDARY ANIMALS AS YOUR PET   CHOOSE YOUR LEGENDARY ANIMALS,pets
Feeding street dogs and cats  Our furry friends  ,pets
Unveiling Nature s Tiny Marvels  Discover the Secrets Within     animaltruths  insects  housefly,pets
cat meowing   cat meowing to attract cats   cat mating call sounds   cat voices  catzoomies  pet,pets
OUR PEGIONS GOT NEW ROOM      ,pets
Embracing Shih Tzu History While Mastering Their Care,pets
Ruffin s Pet Centre   pets  haltonhills  shelliharrisonhomes,pets
Heartwarming Rescues  Humans Saving Animals    MyPetsie,pets
The BEST dog toys,pets
Persian Cats Vlog,pets
                                Cats Live Stream  live                ,pets
가장 키우기 쉬운 동물 TOP      반려동물 랭킹  열대어  구피도 있을까  키울수 있는 동물중 사육이 쉬운 종류순위 ,pets
구독자의 반려동물들과 만났습니다  반려동물 자랑대회 ,pets
우리집 애완동물 자랑하기,pets
집에서 이런 동물 키워도 되나요   반려동물 자랑대회  ,pets
대한민국에 딱 하나있는 반려동물들       반려동물 자랑대회  ,pets
애완동물을 사랑해요   토토의 유아생활   생활습관교육   깨비키즈 KEBIKIDS,pets
 EN  남녀성비    인 학과  연성대 반려동물보건과    전과자 ep   ,pets
니네 사람이지   반려동물 자랑대회  ,pets
 야놀자   호랑이를 반려동물로 키우는 남자가 있다    TVCHOSUNJOY,pets
 안나의 악마를 보았다  FBI가 쫓던 사람사냥꾼 연쇄살인마 토마스 딜런,pets
     리얼  레게노 슈퍼버니맨 하다가 엄크 뜸     존웃      ,pets
아니 인형   년 썼으면 좀 버려라     구독자 애장품 콘테스트 ,pets
키우는거 자랑하기 페스티벌,pets
강아지 고양이 햄스터 앵무새    반려동물 키우고 싶다면 꼭 봐야 하는 영상  스브스뉴스,pets
이색적인 반려동물 TOP     귀엽고 신기한 동물  가지,pets
추억의 장소  청계천 애완동물거리는 지금 어떻게 변했을까  ,pets
배꼽빠질 웃긴 강아지 영상 모음   세계에서 가장웃긴 강아지 영상          ,pets
안될것 같지만  합법인 애완동물   북극여우 ,pets
네 원소의 반려동물을 위한 비밀의 방 짓기  반려동물 샵을 샀어요,pets
애완동물 금단의 구역으로 빠진 사람들  김잰민 시청 금지 ,pets
청계천의   배   없는게 없는 최대의 희귀동물시장  하지만   ,pets
 TV 동물농장 레전드 SUB   느 집엔 알파카 없지  시선 강탈 반려동물 알파카  파카  풀버전 다시 보기  TV동물농장  AnimalFarm  SBSstory,pets
쏟아지는 귀여움에 편집자 기절      아이X반려동물  모음집 I TV동물농장  Animal Farm    SBS Story,pets
포메라니안 레페 아기보는 강아지 생후 개월 아기,pets
가장 완벽한 반려동물  동물 EP    ,pets
세상에 단 하나뿐인 반려동물 데려왔습니다      ,pets
우리나라에서 키우다 죽을수도 있는 위험한 반려동물 TOP    희귀반려동물  해수어  도마뱀  타란  전갈 키우기 ,pets
뱀은 애완동물이 될 수 있다 VS 없다,pets
애완동물학부  동물 좋아하는 사람 다 모여  이곳은  천국인가 ,pets
반려동물 키우면 절대 안 될  가지 유형,pets
제가 키우는 애완동물 어때요      My new pet,pets
와  얘네는 동물농장 나가야하는거 아닌가요   반려동물 자랑대회  ,pets
창신동 애완동물 거리   동대문에서 청계천으로,pets
애완동물  마리가 생겼습니다     Heopop s   pets at home ,pets
삼남매에게 애완동물이 생겼어요    쌍둥이오빠   패밀리 시트콤    EP   ,pets
토끼가 반려동물로 최고인 이유 Why rabbits are the best pets,pets
내 옆에 잠자고 있는 반려동물  눈 떠보니 우리 집 개가 아니었다,pets
내 동물 친구   귀여운 애완동물송   동물동요   주니토니 by 키즈캐슬,pets
반려동물 재난 관리사가 알려주는 반려동물 가족을 위한 재난 대비 가이드라인   스브스뉴스,pets
애완동물로 완벽하다는 설치류,pets
 불교  우학스님 생활법문  키우던 애완동물이 죽으면 어떻게 하나 ,pets
자기 방 자랑하랬더니 애완동물 자랑하는 시청자들        새줍남  기승전고양이  중 헬창 등 ,pets
 정법강의      강 애완동물을 대하는 마음가짐,pets
페럿을 키울지 말지 고민되세요    키우면 안되는  가지 이유  페럿 단점 ,pets
초예민보스가 추천하는 반려동물,pets
생일 선물로 OOO을 받은 소년,pets
유별난 왕들의 애완동물 사랑   동물을 편애한 조선시대 왕들  성종  숙종  연산군   한국사 조선시대 애니메이션   지니스쿨 역사,pets
키우기 쉬운 반려동물 TOP   ,pets
 EBS부모  애완동물  아이에게 미치는 영향,pets
세상에서 키우기 제일 힘들다는 최상급 난이도 애완동물 TOP ,pets
유리창 툭 치더니 아기 본 오랑우탄의 놀라운 표현력  사건반장  Shorts,pets
 법륜스님의 즉문즉설 제     회  애완동물 때문에 남편하고 충돌이 많은데요,pets
내 꿈은 수의사   애완동물 병원놀이   꿈 장래희망   지니키즈 직업체험,pets
이색적인 반려동물 TOP  ,pets
세상에서 가장 극단적인 반려동물들,pets
 크큭티비  개그콘서트 달인      회 애완동물의 달인  사료  김병만 선생,pets
세계에서 가장 오래 장수한 반려동물들,pets
당신 성격에 알맞은 애완동물은 무엇일까요,pets
페르시안고양이를 구해줘   마크의 동물병원   고양이   애완동물   동물치료   animal hospital   깨비키즈 KEBIKIDS,pets
병원에 몰래 애완동물 데려가는 방법    GOTCHA 재미있는 동물 영상과 꿀팁들,pets
애완동물  과 가지 마세요  Don t be a Lawyer 패러디    블랙 코미디,pets
 무허가  반려동물 판매 처벌 강화 최대 징역  년   SBS   뉴스딱,pets
여우를 키우기 힘든 이유  가지 ,pets
나의 작고 소중한 애완동물  이 성장해 버렸습니다     이번주의와우,pets
 반려동물도 좌석 앉아 여행   동반 전세기  첫 운항   KBS             ,pets
집에  반려동물  있는 분들은 꼭 좀 봤으면 하는 영상 크랩,pets
  프리한       분  놀라운 능력을 가진 똑똑한 동물들   보기만 해도 힐링 되는 전 세계 반려동물  이색 사건 모음    나중에또볼동영상,pets
얘네가 반려동물    이색   반려동물 TOP     KBS대 세 남 With Animals    KBS 방송,pets
 영화리뷰 결말포함  거인들이 인간을 애완동물로 키우는 방법,pets
 집 계약할 때 반려동물 얘기 없으셨잖아요  ,pets
서울호서의 애완동물계열 특수동물들을 소개합니다   포유류 ,pets
털찐 곰 댕댕이의 겨울 일기  동물들 ,pets
목사님  애완 동물도 천국에 갈 수 있나요 ,pets
애완동물을 위한 비밀의 방  라라 라이프 게임의 침대 밑 놀라운 방 메이크오버,pets
고양이가 강아지보다 키우기 쉬운 이유  가지    shorts,pets
 옷가방은 버려도 너는 못버려  반려동물 꽉 안은 피란민들   연합뉴스  Yonhapnews ,pets
기차에몰래애완동물데려가는방법  GOTCHA의재밌는상황  최고의DIY 밀반입아이디어,pets
조금 특이한 이색 반려동물,pets
청계천 애완동물거리에 가면 못 구하는 동물도 구할 수 있을까    그것을 알려드림,pets
 선물공룡 디보  기   화 애완동물이 갖고싶어요 OCON,pets
삐약삐약 내 병아리   애완동물 키우기   삐약이 보살피기   애완동물 지니키즈,pets
마크에 애완동물이 생겼다   강아지들 핵졸귀     마인크래프트,pets
 성장문답  반려동물 키우기를 쉽게 생각하는 당신이 반드시 들어야 할 대답,pets
강아지 고양이 못지 않은 교감능력을 보여주는 평생 반려동물 앵무새들의 매력에 빠져봅시다   TV생물도감 ,pets
반려동물을 위한 비밀의 방,pets
액괴상황극   슬라임이 애완동물이라면  풀 액티 골고루 먹이고 자주 쓰담쓰담 해주면 쑥쑥자라는 신기한 애완 슬라임,pets
이색 애완동물 슈가 글라이더  공원에서 날리면 안됩니다,pets
반려인이라면 반드시 알아야 할 반려동물 CPR 직접 배워봤다   고양이  강아지    스브스뉴스,pets
 진짜 안 물어요   반려동물을 향한 두 가지 시선     F,pets
반려동물로 키우기 최고인 대한민국  대 천사견,pets
라쿤 꼭 키워보고 싶은 특별한 애완동물  동물  라쿤  shorts,pets
애완 반려 동물과정 반려동물로 치료를     동물매개치료동아리 인터뷰 ,pets
이젠 볼 수 없는 유명 펫튜브 반려동물들,pets
세계 여러 나라의  인기 애완동물 알아보기,pets
요즘 MZ세대들이 조개를 애완동물로 키우는 이유,pets
쇼핑몰에 호랑이가 나타났다   호랑이가 애완동물    SBS,pets
내가 반려동물이란 표현을 쓰지 않는 이유,pets
애완동물로 기생충을 키우던 유튜버에게 발생한 충격적인 사건  사건사고 ,pets
요즘 애들은 모르는 옛날 국룰 애완동물   ,pets
소중하고 특별한 반려동물    만나러 오세요     황금나침반    YTN 사이언스,pets
너무 위험해 딱 한번 전시됐던 동물  가장 위험한 동물 ,pets
    년  월 희귀반려동물 박람회   대박  이번엔 달라졌습니다 ,pets
TOP   얼짱 애완동물 키우기 작전  우파루파 고슴도치 장수풍뎅이 앵무새 페릿  지니키즈,pets
애완동물 찾기 미아   레고 프렌즈   미니무비,pets
 유라  애완동물 pet  강아지 아리   화 강아지 밥 주기 강아지 옷 입혀보기 dog pup frozon,pets
조선 민간에서 키우던 특이한 애완동물   동숲X역사 ,pets
 SVT클럽   화   애완동물로 뱀  버논 호시 파충류 카페에 가다,pets
애완동물을 알아볼까요  굶지마 투게더  Don t starve together   애완동물 펫에 대해 ,pets
집에서 키우기 쉬운동물 BEST     애완동물에 관심이 많으셨다면 한번 도전해 보세요,pets
강형욱 반려견 훈련사       반려동물을 액세서리로 생각하는 사람들의 충격적 실태    어쩌다어른  사피엔스,pets
   억 매출 반려동물 펫테크 스타트업 핏펫 창업 이야기,pets
   학번이즈히어  신도시 아재는 반려동물을 어떻게 키우는가,pets
여사장님들이 소동물 전문샵을 차리시면 이렇습니다     cute animal shop,pets
한국에서 가장 많이 키우는 강아지 Top ,pets
특이한 애완동물을 팔아 떼돈을 번 남자,pets
  TV 생생정보  이색 반려동물을 키우는  펫팸족 을 아시나요  KBS        방송,pets
백사자 백호랑이 넘사벽 애완동물,pets
헐크를 애완동물로 기르는 미래의 타노스,pets
 화제포착  개 고양이는 싫다  희귀한 애완동물   KBS뉴스 News ,pets
혼자사는  인가구를 위한 반려동물 추천  개  고양이와 고민중이라면 꼭 보세요  크레 장려영상 ,pets
애완동물 찾기 스테파니    레고 프렌즈   미니무비,pets
다리 잃고 절뚝절뚝 반려동물 유기  하루에    마리   SBS,pets
그림책  구합니다  완벽한 애완동물 ,pets
 유라  애완동물 pet  주렁주렁 애니멀 테마파크  화 새 프레리도그 물고기 슈가글라이더 스컹크 코아티 솜사탕 만들기 animal theme park cotton candy,pets
 우알생  전용 코스요리에 온천까지 커지는 반려동물 시장의  명암    JTBC 뉴스룸,pets
수년이 지난 후의 동물과 주인의 재회 ,pets
아기와 반려동물은 사랑입니다  shorts,pets
구합니다 완벽한 애완동물,pets
말도안되게 오해하고 데려다 키운 상상 초월 동물들,pets
밤톨이를 하나 주웠는데 강아지가 됐어요  Picked Up a Chestnut and It Became a Dog,pets
집구하기팁   애완동물 강아지 고양이  키울 수 있는 집 구하는 방법   덕방아재 ,pets
애완동물  반려동물 차이점을 아시나요 ,pets
 아기를 돌봐주는  댕댕이들 모음zip   사람과 반려견의 찐우정   KBS 방송,pets
 마리     만원 끝판왕 토끼를 보러갔는데   미쳤다  심쿵주의하세요  ,pets
스머페트의 애완동물    더 개구쟁이 스머프 ,pets
 아파도 자식들 안 와   반려동물에   억 원 상속한   할머니  디지털리포트    YTN,pets
경찰 정말 애완 동물을 갖고 싶어,pets
연예인이 키우는 특이한 반려동물 TOP ,pets
호랑이를 고양이처럼 애완동물로 키우면 생기는 충격적인 일  DCODE ,pets
 건축탐구집 펫프렌들리 하우스 모음 zip   반려동물을 위해 집을 짓고 고친 사람들 개와 고양이를 부탁해   건축탐구집,pets
애완동물로 기생충을 키우던 유튜버에게 벌어진 충격적인 사건,pets
원룸 자취방 강아지 고양이 애완동물 반려동물 키울 수 있는 방법,pets
반려동물 VS 모르는 사람  누굴 구할 것인가 ,pets
 대성티비  애완동물 키우면 안 되는 사주는 분명히 있다  어떤 사람들이 애완동물을 키우면 안 되는 사주일까    용한무당 용인중전마마 ,pets
 ENG CC  대박    멧돼지를 아들로 삼은 할아버지 KBS 주주클럽        방송,pets
애완동물 진딧물  바구미 조련하는 방법 그라운디드 ,pets
내 애완 동물은 다른 아이들의 노래입니다   어린이를위한 노래   어린이 교육,pets
햄스터는 대체 얼마일까  ,pets
개미부터 사자까지 모두 OK   모든 동물의 행복을 비는 반려동물 축복식 가봄   스브스뉴스,pets
자기가 고양이인 줄 아는 퓨마   알고 보니,pets
반려동물을 이미지 메이킹에 써먹고 버린 연예인 TOP ,pets
유기동물 보살피는 미모의 여사장님과 동물들의 사연  ,pets
고양이랑 아기 절대 같이 키우지마세요  ,pets
몇년 만에 주인과 재회한 동물들의 가장 감동적인 순간,pets
심쿵사    하늘다람쥐는  대체 얼마일까  ,pets
순하다는  도마뱀  만졌는데      애완동물로 도마뱀 키우기 가능     shorts,pets
청계천 애완동물 거리는 어떻게 되었을까요  청계천 수족관거리   korea aninmal street,pets
머리에 구멍을 내 자식에게 피를 먹이는 동물,pets
우울할 때 보는 동물들,pets
EBS디딤돌    여가활동  애완동물 강아지  기르기      세 ,pets
청계 가 애완동물과 조류시장  앵무새등 예쁜새들 토끼 햄스터등을 만나다 ,pets
블라드와 니키는 애완 동물을 키우고 싶어   아이들을위한 재미있는 동영상,pets
   마인크래프트 쉬운 건축 강좌      애완동물 집 만드는 방법들  ,pets
한국인이 좋아하는 애완동물   종  ,pets
마이 리틀 포니   애완동물 대회    마이 리틀 포니  우정은 마법,pets
애완동물 집사들을 위해 이 꿀팁을 시도해 봤어요  최고의 애완동물 용품과 DIY,pets
 제 애완동물입니다  여왕 장수말벌 잡는 사나이  순간포착세상에이런일이  WhatonEarth  SBSstory,pets
실제로 사람들이 키우는 가장 무서운 반려동물   마리,pets
원숭이 손은 사람 눈보다 빠르다  밑장 빼는 원숭이 타짜의 보고도 믿을 수 없는 손 기술     KBS 생생 정보통        방송,pets
버려진 잉꼬가  천 마리로 야생화된 애완동물 골치             뉴스데스크 MBC ,pets
부모   Parents 애완 동물을 키워요  ADHD란 무엇인가      ,pets
 자식은 아파도 안 와  반려동물에   억 유산 남긴 할머니   SBS   스브스픽,pets
청계천 애완동물거리에서 팩맨 입양   청계천에는 어떤 동물들이 있을까요  챔챔TV,pets
애완동물 찾기 엠마   레고 프렌즈   미니무비,pets
카메라에 잡힌 히어로 동물들 ,pets
유명한 미국 이색동물 샵에서는 어떤것들을 팔까   ,pets
미래의 애완동물,pets
턱드름 심한고양이  집사 방치 ENG SUB ,pets
 ENG CC 이번엔 악어를 딸로 삼은 아주머니 등장    어메이징 대한민국    KBS 주주클럽        방송,pets
세계에서 가장 비싼 애완동물 TOP ,pets
블라드와 니키  애완 동물과 노는 척   아이들을위한 재미있는 비디오,pets
 유라  애완동물 pet  강아지 아리   화  강아지 키우기 강아지와 놀기 강아지 집 짓기,pets
반려동물 재난 관리사가 알려주는 반려동물 가족을 위한 재난 대비 가이드라인  shorts   스브스뉴스,pets
사육난이도 최상급 애완동물들 Top    해수어키우기  파충류키우기  키우기 쉬운 동물 아님  애완동물 추천 으로는 글쎄요  ,pets
    년 청계천 애완동물 거리는 어떻게 변했을까 ,pets
한국에서 기를 수 있는 유니크한 애완동물 TOP  ,pets
뽀로로 애완동물 스티커북 장난감 놀이  토이천국  Pororo Pet sticker book play toys ,pets
애완동물 타란툴라가 새 집을 탐험해요,pets
여느 가정집의 흔한 아침 풍경   Ordinary Morning Scenery Of A Family With Chimpanzees,pets
곰  호랑이  원숭이 등 사람들은 왜 야생동물들을 애완동물로 키우고 싶어할까    애완동물이 된 야생동물들  bbc,pets
할머니에 애완동물 악어가 잡아먹고 할머니에 분노  shorts,pets
실제 좀비로 변하는 라쿤 모습   shorts  라쿤  동물,pets
장수풍뎅이 키우기   장수풍뎅이 애벌레   반려동물   동물박사 지니키즈,pets
애완동물 찾기 안드레아   레고 프렌즈   미니무비,pets
사라져 가는 청계천 애완동물 거리에 갔습니다 Visiting Korean Pet street disappearing  헌터퐝 ,pets
애교만점 늑대   강아지랑 놀다보니 자기가 강아지인 줄 아는 늑대      KBS 주주클럽        방송,pets
애완동물 찾기 올리비아   레고 프렌즈   미니무비,pets
 asmr shorts pet dog 개 애완 동물,pets
너무나도 귀여운 치타   ,pets
 대전과학기술대학교  애완동물과를 소개합니다 ,pets
 별난 애완동물 을 키우는 두 남자의 행복한 동거  순간포착 세상에 이런일이    회         ,pets
초보자가 키우기쉬운 강아지 TOP   shorts,pets
OPIC AL 모범답안   Pets  애완동물 ,pets
없는게 없는 우리나라 최대의 동물시장  청계천 애완동물거리의 근황 공개합니다 ,pets
인간을 애완동물 취급하는 외계인 part    shorts,pets
노래하는 강아지 품종이 있다   강아지  애완동물  반려견,pets
 full  잔인한 투자  반려동물은 없다   추적  분     회 KBS        방송,pets
이것도 반려동물 맞나요  아파트서 포착된 황당 동물   SBS   생생지구촌,pets
곰에게 산채로 먹히면서 엄마에게 전화를 건 러시아 소녀     통화는 더빙한 것입니다   shorts,pets
청계천 수족관 애완동물 거리 탐방기,pets
산책하다가 화난 토끼               반려동물  반려토끼  애완토끼  토끼  토끼집사  토끼산책  산책,pets
 라임 일상 밀착중계 뽀뽀 예방접종 맞다 라임의 애완동물 강아지 키우기 동물병원 후기 LimeTube   Toy 라임튜브,pets
모여라 딩동댕   애완동물을 키우고 싶어    구두장이와 꼬마 요정들     ,pets
강아지 감기로 아파요  예준이의 애완 동물 병원 주사 맞기 어린이 동물 체험 일상 Puppy Animal Hospital Pet Family for Kids,pets
나에게 어울리는 애완동물 테스트,pets
보자마자 마음이 힐링되는 하찮고 귀여운 동물들     ,pets
애완동물에 관한 짧은 이야기   shorts,pets
 리빙톡  무지개다리 건넌 반려동물 상실증후군 극복하려면,pets
이런동물도 애완동물로 키울수있었어  TOP ,pets
유모차 추월한  개모차  반려동물에 돈 쓴다             뉴스투데이 MBC ,pets
가장 똑똑한 개 TOP     동물의 세계   Animal World Korean,pets
절대 물지 않는 호랑이,pets
청계천 애완동물 거리 신생샵 아마주에 다녀왔습니다  양서류 대통령 세운님과 수생거북이 전문가 사장님의 콜라보레이션 ,pets
우리집 애완 동물들을 소개합니다,pets
못생긴듯 귀여운 애완동물   알파카 ,pets
광족들 새 멤버 공개 학교에서 애완동물 키우기 ,pets
반려동물보건과 교수님 특징,pets
뽀로로 이야기   애완동물을 키우고 싶어요   이야기 자판기  화,pets
애완동물 수명이   배로 늘어난다면 어떻게 될까,pets
세상에서 제일 비싼 애완동물 TOP ,pets
키우는 동물들 근황 보여드리겠습니다,pets
못 생겨진 주인 얼굴을 본  강아지의 귀여운 반응  반전주의 ,pets
동물을 사랑하는 할머니  Thug Life Grandma Is A Legit Animal Lover,pets
청계천 애완동물거리에서 슈가글라이더 분양   첫날  ,pets
 asmr shorts pet dog 개 애완 동물,pets
 Mini본편    반려동물 콘테스트   마카앤로니 Maca and Roni    이걸 집에서 키운다고      w     w 기상천외한 동물들 총출동  ,pets
외계인이 인간을 애완동물로 사육하는 끔찍한 영화,pets
작지만 있을건 다있는 책상위에 설치가 가능한 초미니 섬프시스템 어항 ,pets
심장을 강타하는 귀여운 동물  마리    애완동물  반려동물,pets
애완동물이 특정한 사람만 좋아하는 이유는 ,pets
막내동생 버섯송이가 생겼어요   버섯도리 깜짝 선물 반려동물 다리짧은 먼치킨 고양이 분양 첫날,pets
토끼 깡총깡총 귀여운 애완동물  동물  토끼  shorts,pets
슈가글라이더 번데기 먹방,pets
신구야 멍해봐  신구대학교 애완동물과 학과 홍보 영상 ,pets
 귀여운 반려동물이 높은 나무에 숨어 있다고  캐리 숨바꼭질 Hide and Seek   캐리와장난감친구들   Play Carrie,pets
아기와 반려동물 이건 반칙이지  shorts,pets
애완동물에서 반려동물인 이유  새로운 가족을 만날 때 마음가짐  당안녕 Ep    ,pets
우리가 반려동물로 파충류를 키운다면    어떤 걸 키우면 좋을까요   유튜버 다흑님 출연   인싸가족 시트콤,pets
  분 지구촌  튀니지인이 이동식 애완동물 관리 프로젝트 shorts,pets
애완동물을 위한 멋진 공예 만드는 방법    ,pets
댕댕이 천국  강아지  반려동물  애견  애견미용사일상  애완동물  귀여움  귀여움주의  브이로그  말티즈  푸들  비숑스타그램  일상,pets
동묘앞 청계천 애완동물거리  ,pets
반려동물 관련 직업을 갖고 싶다면 주목  펫 고등학교가 따로 있다고    Shorts,pets
새끼 때 구조된 세 친구들  종족을 뛰어넘은 우정 보여줘,pets
레전드 츤데레 치와와 니키  shorts,pets
세상에서 가장 비싼 애완동물 순위TOP   shorts,pets
세계에서 가장 비싼 애완동물 TOP   ,pets
  년을 함께한 반려견과의 마지막 순간  우리 꼭 다시 만나자 KBS 무한리필 샐러드        방송,pets
 niccolo  dreamshorts  shorts  애견  애완동물  애완  애완용강아지,pets
강아지 가족이 생겼어요  예준이의 애완 동물 키우기 애완용품 쇼핑 아기 강아지 목욕 시키기 어린이 동물 체험 일상 New Family Pet Puppy Dog,pets
길고양이를 구해줘   마크의 동물병원   고양이   애완묘 치료   애완동물   동물치료   cat   animal hospital   깨비키즈 KEBIKIDS,pets
한가지 애완동물을 키울 수 있다면   shorts,pets
 asmr shorts pet dog 개 애완 동물,pets
애완견  비글  아시나요  애완동물  반려동물  강아지   shorts,pets
차에 치타가 들어와서 그대로 얼어붙은 남자,pets
최애 인형에 매달려있는 자식을 본 어미 개의 행동,pets
물에 젖은 종이 빨대처럼 흐물흐물 거리는 애완동물,pets
 랭킹  은혜 갚은 야생동물들    ,pets
 옛날메이플  엘리쟈 퀘스트  여신의 애완동물  하프 연주   테스피아  포션노가다 ,pets
종결급 애완동물 상자 시즌  획득 가능한 이벤트       년  월 이벤트  에트와르 메거진  리뷰 및 공략  라테일   나빌레이어 ,pets
강아지도 비행기 탈 수 있어요  기내탑승  꿀팁  제주도  탄   shorts,pets
반려동물을 돌보는 방법  가난한 애완동물이 부자가 됐어요  라라 라이프의 반려동물 주인들을 위한 가젯,pets
    년 봄에 찾아온 청계천 애완동물 거리 사람들이 넘쳐나네요   ,pets
싸가지없는 홈플러스 토끼,pets
애완동물과 함께하기 좋은 복층 테라스 주택,pets
강아지처럼 애교 많고 배변 훈련도 가능하다는 애완동물   도마뱀   shorts,pets
돌고래도 분양했던 청계천 애완동물거리 근황과 새로운 친구를 데려왔습니다 편 KOREAN PET STREET,pets
나스티아와 마가리타는 서로와 애완 동물을 돕습니다 ,pets
인서타 조회수    만 영상 주황똥 프레리독  animal  프레리독  cute  prairiedog  마멋  반려동물,pets
흔히 만나기도 어려운 녀석을 반려동물로 키웠더니  ,pets
 노견  노견일상  노견일기  노견의하루  애견  애완동물  애완견,pets
애완동물에 관한 짧은 이야기   shorts,pets
요즘 키우는 사람들이 늘고 있는 애완동물 feat  클로버더빙,pets
왜이러는걸까요    강아지  코미디  애완동물,pets
 반려견  말티푸  애완동물  shorts,pets
엄마의 애완동물,pets
소형 애완동물    애완 동물 사랑  귀여운  귀여운강아지  개 애호가  fyp  fyp  shorts,pets
ai로 만든  오늘 봐야 할   가지 귀여운 애완동물 슬라이드쇼  ,pets
애완동물의역사와품종  애완동물  강아지  고양이  shorts  pet,pets
죽기전에 키울만한 반려동물 탬스터가 추천한다  알고싶냐   와서봐,pets
너무 이쁜 고양이  고양이  고양이유튜브  반려동물  반려묘 애완동물,pets
애완동물을 키우려면,pets
 asmr shorts pet dog 개 애완 동물,pets
음냐음냐  팍팍 좀 긁어바라 집사야   고양이  반려묘  애완동물  하르  고양이하르,pets
인크레더블 밈 당신의 애완동물,pets
유명한 애완동물이지만  사실 불법이라고   사막여우 ,pets
 애완동물  재미있는 영상,pets
강아지가 아플 때  애완  강아지  반려견  반려동물  애완동물  병원  아픔,pets
개의 역대급 코골이를 들은 고양이 반응,pets
춘배한테 고양이 방석 씌우기   춘배  고양이  고양이유튜브  애완동물,pets
 애완동물전용이동장 반려동물 반려동물용품,pets
눌러서 움직이면 새해 복 보장해드리는 토끼 인형  끝까지 보세요    Is There A Bunny Doll Among Them ,pets
강한 애완동물  Shorts,pets
 반려견  애완  애완견  애완동물  애완용품  강아지옷  추천  추천주,pets
애완동물 털관리는 이걸로 해결해   빗어주게브러쉬,pets
강아지 귀여워 뿌잉 애완동물 하루,pets
Ways to Sneak Pets into Jail 애완 동물을 감옥에 몰래 넣는 방법 HAHANOM 하놈,pets
고양이 병원상황극    고양이  편집  귀요미  귀여운  애완동물  내사랑  상황극,pets
자다 일어나서 운동하는 황금이 고양이  애완동물  쇼츠,pets
 asmr shorts pet dog 개 애완 동물,pets
shorts   귀여운 애완동물   재미있는 강아지영상  귀여운 동물영상 shorts ,pets
여러분의 애완동물을 디즈니 주인공으로 데뷔시키세요 ,pets
애완동물 보호자라면 누구나        만두 고양이 통제방법  교육,pets
 asmr shorts pet dog 개 애완 동물,pets
의자만 있어도 잘 노는 마루  cat  고양이  애완동물,pets
세계에서 가장 인기있는 애완동물 Top    shorts,pets
귀여운 햄스터  햄스터  드워프햄스터  애완동물  반려견  반려묘,pets
 반려견  애완  애완견  애완동물  애완용품  애완의류  추천  추천주,pets
두바이 애완동물 ,pets
애완동물 ,pets
말티푸 강아지 숏츠 애완동물,pets
약혐  학대 장면 내부폭로,pets
강아지 살찌기 전과 후  강아지  애완동물  반려견,pets
애완동물 닭,pets
 애완동물  재미있는,pets
애기 앵무새    귀여운  동물 반려조 앵무새 퀘이커 이쁜짓 애완동물,pets
애완동물로 인기 많은 기니피그   귀여운 기니피그 소개영상  shorts,pets
우리가 알던것과 다른 가장 귀여운 동물,pets
반려 동물과 함께하는 재난 키트 매뉴얼 ,pets
신목사의 애완동물  Shorts  우파루파  에일리  남자의취미  목사의취미  물생활  포뇨  귀엽죠,pets
Nastya와 Stacy가 애완 동물을 교환했습니다,pets
새끼때 구조한 오리를 반려 동물들과 같이 키웠더니  ,pets
왜  집 지키는 건가     애완동물  귀여움  토끼  강아지  초보사육사,pets
슈가글라이더의 특징 및 설명   애완동물로도 많이 키우고 있는 슈가글라이더 탐색  shorts,pets
나는 토끼 닮은  햄스터  애완동물,pets
중년냥의 건강비결  발차기  고양이  반려묘  애완동물  하르  고양이하르,pets
귀여운 토끼들의 당근먹방    Rabbit 애완동물 bk해피타임 shorts,pets
말티즈 전체클리핑    강아지  반려동물  애견  애견미용사일상  애완동물  일상  귀여움  귀여움주의  브이로그  말티즈  말티즈미용  반려견  반려견미용,pets
D   블랑이 미모 뽐내기  애완동물  vlog  크레스티드게코,pets
 기니피그  guineapig  애완동물  햄스터,pets
이러고 놀다 현타옴  cat  고양이  애완동물  집사  페르시안고양이  뽀시래기  애완용강아지,pets
 더판다  애완 동물 다리 하네스 걷기 개 다리 보호 벨트 뒷다리 장애 부상 노인 개 보조 벨트입니다 ,pets
나라별 애완동물 순위  ,pets
택배다     고양이  냥이  애완동물  치즈냥이  치즈냥  택배,pets
애완 동물 정수기,pets
내가 키우는 애완동물은      ,pets
전갈의 귀뚜라미사냥   전갈  반려전갈  애완전갈  희귀애완동물  절지류  scorpion  scorpions  arthropods  pet  귀뚜라미  펫,pets
기다려   먹어   애완동물  진도개  진도믹스  대형견  개  강아지,pets
   일 한국어 단어 학습   일차  애완동물   한국어 배우기  한국어 단어  Learn Korean  Talk to me in Korean  Bilingual subtitles,pets
 asmr shorts pet dog 개 애완 동물,pets
밥값은 이렇게 하는거죠  강아지  귀여운  반려견  애완동물  shorts   잔디깎기  동물,pets
 애완동물,pets
도마뱀의 껍질을 벗겨주다 결국 물림  reptile  반려동물  희귀동물  파충류  crestedgecko,pets
냥이랑 악어 놀이를 같이 했다  ,pets
애완동물이나 어린아이 씻길때 필요한 샤워용 바디타월  shorts,pets
애완동물은 보험도 없어요  Shorts  반려묘  노화관리  애완묘  애완묘질병,pets
 고슴도치  애완동물  동물  좋아요  추천  킁킁이  baby  모래목욕 사줬어요   ,pets
레오와 치즈  shorts 애완동물 새로운 가족 귀여움,pets
태어난지 일주일    귀여움  토끼키우기  계묘년  아기토끼  애완동물  토끼출산  토끼,pets
 shorts  short  dog  dogs  강아지  애완동물  애완견,pets
허우적거리는 동물  동물  애완동물  애완시람,pets
백문조 입덕 영상  동물  애완조  앵무새  애완동물  게임  와우,pets
애완동물과 함께 놀라운 세상을 탐험하라  특이한 능력과 지능 Fun Facts  shorts,pets
 asmr shorts pet dog 개 애완 동물,pets
육아는 힘들에    cat  냥이  고양이  애완동물  animal  catlover  켓,pets
말 타는 강아지    레이크   똥깡     말  동물  애완용강아지  애완동물  승마  자연마술승마학교 말타기  강아지  강아지일상 루이키,pets
엇갈린 텐션 애완동물,pets
안녕 초코  shorts  강아지  반려견  애완동물  dog,pets
반려동물과 함께 듣기 좋은 힐링 음악  ,pets
   년 사는 애완동물 나죽으면 누가 돌보지   알다브라코끼리육지거북,pets
귀여운 애완동물 petplay  ,pets
 싹튜브  SAC애완동물계열 버스킹 이승현 교수 프리스비 어질리티 퍼포먼스 동물과 사람 훈련소장 서울종합예술실용학교,pets
뭔지모르지만 불만가득         개냥이  좋아요  구독  애완동물  최고  알람설정    나야나  뭐야  무료추천,pets
 shorts  반려견  애완동물  포메리안  말티푸  강아지  몽몽cover  화이트포메라니안  강아지개인기  수영,pets
새로운 애완동물 생기다      ,pets
킁킁이의 반항겸 사춘기인가     고슴도치  animal  cuteanimals  애완동물  cute  sweetanimals  입양  pet  동물  baby,pets
 반려견  애완  애완견  애완동물  애완용품  강아지옷  추천주  추천,pets
매일 운동해     햄스터  운동  애완동물  이야기,pets
반려동물 출입 안되는데    카페   ,pets
알록달록 컬러 세상 속 캐리의 반려동물 찾기   숨바꼭질   캐리와장난감친구들,pets
 댕댕이  댕댕이그램   멍뭉이  강아지  애완  애완스타그램  반려동물  반려견  반려묘  펫스타그램  집사  집사일상  산책  산책그램  동물  소통   애완동물그램,pets
레오파드게코 놀기 손가락 따라오는 애완동물 도마뱀    개월 뱀뱀이 leopardgecko lizard,pets
애완동물이랑 놀아주기,pets
애완 동물을 감옥에 몰래 넣는 방법   재미있는 순간 TeenTeam Challenge,pets
뱀뱀이 레오파드게코 밀웜 먹방 lizard leopardgecko 애완동물 귀여워  ,pets
나의 애완동물,pets
 tina tv 댄스챌린지 기니피그 애완동물  JIS   FLOWER  지수꽃  ME  JISOO  지수  BLACKPINK  블랙핑크  FLOWERchallenge,pets
더 놀고싶은 복떠니 ,pets
스탠다드 푸들에 대한 간단한 정보  스탠다드푸들  푸들  반려견  애완동물,pets
갓 태어난 아기 토끼들  귀여움  계묘년  bunny  cute  애완동물  아기토끼,pets
 asmr shorts pet dog 개 애완 동물,pets
펫글라스 애완동물 선글라스,pets
부모님 몰래 시골에 동물 키우는 여사장님,pets
 강아지  반려견  애완동물  puppy  pet  dog  갱얼쥐  멍멍이  귀여워  구독  좋아요,pets
아빠 나 커서 캐디가 될까요   shorts  반려견  애완동물  포메리안  동물농장  말티푸  강아지  몽몽cover  화이트포메라니안  강아지개인기  golf,pets
애완동물 반려동물 스티커 제작,pets
 asmr shorts pet dog 개 애완 동물,pets
애완동물과 살기 좋은 가덕도   산책하기 좋은 장소 가덕도    ,pets
지유애완동물 레몬이  수영하는중이에요  ,pets
 asmr shorts pet dog 개 애완 동물,pets
꼬미 잡으러 간다   말티푸  반려견  shorts  애완동물  장난  놀이  장난꾸러기  강아지  반려동물,pets
 애완동물  귀요미들       ,pets
포켓몬 피규어  애완 동물 엘프 공  포켓볼  로트 크리에이티브 모델  애니메이션 장난감  마스터 볼 포켓 포켓몬 공,pets
 애완동물  재미있는,pets
 애완동물  재미있는,pets
 asmr shorts pet dog 개 애완 동물,pets
 shorts 애완동물로 지네를    유머 웃긴글,pets
점프하는 동물  동물  애완동물,pets
오리가 제일 만만하다    funny  개그  유머  재미  강아지  애완동물,pets
 애완동물  재미있는 영상,pets
우리집 강아지가 죽는다면 가장 먼저 해야할 일   사후기초수습,pets
세계에서 가장 귀여운 동물 TOP   ,pets
꼬리가   프로펠러 빙의     댕댕이  강아지  애완동물  강아지일상,pets
냥펀치를 제대로 맞자   녀석의 놀라운 반응,pets
제 애완동물이라고 쳐요      흐구  ,pets
 asmr shorts pet dog 개 애완 동물,pets
오늘도 신나게  애완동물  재미있는 영상,pets
 애완동물  재미있는,pets
골든햄스터는 어떻게 애완동물이 되었을까 ,pets
에치가 보내는 개학선물  에치  개학  노트북  반려견  애완동물,pets
애완동물의 왕따,pets
개냥이  애옹이  야옹이  고먐미  고양이  일상  동물  애완동물,pets
세계최초 강아지 관상닭    동물  애완동물  short  youtube  short  관상닭  닭  병아리부화  병아리부화기  병아리키우기  훈련  애완,pets
국내 강아지 종류 인기 순위는 어떻게 될까    shorts  반려견  애완동물,pets
 asmr shorts pet dog 개 애완 동물,pets
I am not lonely  lonely  selfcare  animals  pets  birds  귀여운  애완동물,pets
안녕 초코  shorts  강아지  반려견  애완동물  dog,pets
 shorts  고양이  냥냥이  애완동물  귀요미,pets
반려동물이 세상을 떠난 후 오는 펫로스 증후군,pets
 공을 구해야해   shorts  반려견  애완동물  동물농장  포메라이안,pets
곰을 애완동물로 키우면 벌어지는 일,pets
정신을 쏙 빼놓는데       funny  개그  유머  강아지  애완동물,pets
 반려견  애완  애완견  애완동물  애완용품  추천  추천주,pets
최신 로마 애완동물 자동 급이기,pets
애완동물 뱀,pets
 asmr shorts pet dog 개 애완 동물,pets
무주택자가 제일 많은 애완동물에게 펜트하우스 고마워요 펫뷰시리즈,pets
 shorts  고양이  냥냥이  애완동물  귀요미,pets
 asmr shorts pet dog 개 애완 동물,pets
우리황금이  고양이  쇼츠  애완동물,pets
귀염둥이 탄생      크레스티드게코  도마뱀  파충류  애완동물  crestedgecko  shorts,pets
간식먹는 햄스터 귀여운 애완동물 깜짝 놀라는 아기,pets
티비위에 있는 황금이  고양이  쇼츠  애완동물,pets
애완동물을 키우는데 필수적인 건강 유지 방법,pets
 asmr shorts pet dog 개 애완 동물,pets
최고의 반려동물 소유자를 위한 귀여운 재미있는 반려동물 해킹 및 가제트,pets
 asmr shorts pet dog 개 애완 동물,pets
사랑받는 애완동물 추천  shorts,pets
어미가 그리운 아기 강아지를 구조했더니 생긴 변화,pets
 토끼   애완동물  토끼키우기  동물  구독  구독과좋아요,pets
 asmr shorts pet dog 개 애완 동물,pets
 asmr shorts pet dog 개 애완 동물,pets
 이쁜  외계마배미들    크레스티드게코  이색애완동물  아잔틱  파충류계의  원빈  ,pets
얘들 왜 이럴까요    푸들  애완동물  고양이,pets
애완동물 제모기,pets
 asmr shorts pet dog 개 애완 동물,pets
너무 예뻐서 키우지만 코브라보다 더 위험한 애완동물이 있다  ,pets
편의점에 애완동물 맡기는 시대 ,pets
남자들한테 인기 많은  강아지상  레전드 미모 헬스장 예쁜누나   ,pets
강아지 특,pets
장난감 가지고 노는 강아지  브이로그  닥스훈트  강아지  반려견  애완동물  노즈워크,pets
 asmr shorts pet dog 개 애완 동물,pets
광주OK부동산 애완동물  과 함께 즐거운 시간  원룸에서는 왜  shorts  원룸 원룸살기,pets
 asmr shorts pet dog 개 애완 동물,pets
다이소 애완동물 장난감 후기   shorts,pets
 애완동물  재미있는 영상,pets
우리집 앵무새 하늘이 노랑이 애완동물,pets
 애완동물 편  이모지로 배우는 영단어  Shorts,pets
애완동물의 욕 펫뷰시리즈,pets
나의 애완동물 들,pets
세계 애완동물 순위 베스트    shorts,pets
애완동물 드라이기,pets
탈피  가재  애완동물  탈피,pets
징검다리연구소 고령군 캠핑장 폐교 애완동물  shorts,pets
고양이 참치 김치볶음밥  동생 먹이기 ,pets
 토리일상  토끼  애완동물  애완토끼,pets
머선자세고  cat  고양이  애완동물  집사  페르시안고양이  ,pets
애완 동물 손실 선물 개 고양이 기념 돌 모든 내용은 사용자 정의 가능한 심장 모양의 수지 돌 정원 뒤뜰 그레이브 마커  애완동물 손실 선물용,pets
스트레스 타파  애완동물이 주인을 위로하는 비법  shorts,pets
 asmr shorts pet dog 개 애완 동물,pets
 강아지  애완동물  애완견,pets
실력 향상을 위한 머신,pets
눈치와 애교로 잘못을 무마하려는 댕댕이  shorts,pets
 asmr shorts pet dog 개 애완 동물,pets
간식 먹는 토끼  파충류  토끼  애완동물  내사랑,pets
집사에게 자신의 아기를 자랑하는 고양이의 반응,pets
 asmr shorts pet dog 개 애완 동물,pets
안녕 초코  shorts  강아지  반려견  애완동물  dog,pets
 애완견  애완동물  반려견  울 이쁘니들  추천,pets
 asmr shorts pet dog 개 애완 동물,pets
 반려견  애완  애완견  애완동물  애완용품  강아지옷  추천  추천주,pets
 구독  귀여움주의  도마뱀  먹방  심장폭행  애완동물  좋아요  크리스티드게코  댓글  슈크림  슈퍼푸드,pets
음원 무료 나눔에서 가져온 음원   고양이  편집  귀요미  애완동물,pets
햄스터 돌이의 철봉타기 쇼     햄스터  애완동물  철봉타기  동물놀이  집에서,pets
애완동물을 키우면 좋은 점,pets
얼음    집사  햄스터  동물  동물농장  애완동물  shorts,pets
반려동물 장례 지도사,pets
 asmr shorts pet dog 개 애완 동물,pets
애완동물에 관한 짧은 이야기  shorts,pets
휴대용 애완 동물용 물 및 사료   in   급식기    ml ,pets
반려토끼 쫑이의 민들레 먹방       토끼  먹방  반려동물  애완동물  cute  rabbit  bunny  쫑이,pets
여름철 강아지가 피해야할  가지  shorts  애완동물  강아지,pets
오이  씹구 말해   애완동물  앵무  앵무새  퀘이커  오이,pets
 asmr shorts pet dog 개 애완 동물,pets
안녕 초코  shorts  강아지  반려견  애완동물  dog,pets
자식 대신 반려동물에 수십억 유산   SBS   스브스픽,pets
 asmr shorts pet dog 개 애완 동물,pets
취향이 확고한 반려 여우의 일상,pets
눈부신 순심이  shorts  말티푸  애완동물,pets
 애완동물  재미있는 영상,pets
나는 그 남자의  애완동물 이 되고 말았습니다,pets
 애완견  애완동물  반려견  울 겨울님의 일상,pets
고슴도치 햄스터 케이지 사육상자 애완동물집,pets
 애완동물  재미있는,pets
정선 레일바이크    기니피그  애완동물,pets
 애완동물  재미있는,pets
 asmr shorts pet dog 개 애완 동물,pets
또 도시락 안 싸왔냐옹    You didn t bring a lunch box again ,pets
인기 애완동물 제품 TOP     shorts,pets
가드줄 풀면 나락가요  즐숏  pets  강아지  반려동물  shorts,pets
 말 안장없이  말 타기  short  youtubeshorts  youtube  ytshorts  동물  애완동물  승마  말  말타기  자연마술승마학교  일상,pets
유기견이었던 강아지 꼬야 ,pets
 고양이  강아지 힐링 개냥이 애완동물  귀여움주의 동물쇼츠    애기,pets
가수 현아  TV동물농장  유기견 도와준 뒤 행동에   만명  마음 뭉클해진 사연   shorts  현아  유기견,pets
뭔가 이상한 애완동물탈취제    ,pets
 asmr shorts pet dog 개 애완 동물,pets
 asmr shorts pet dog 개 애완 동물,pets
 브이로그  먹방  시골브이로그  시골강아지  포메라니안 반려견 애완동물,pets
 애완동물  재미있는 영상,pets
달빛이 뿌셔지는 깊은밤 산냥에게 밥배달을 가야만 하는 이유 ,pets
 ME  아침하루 영어   애완동물에게 먹이를 주거나 식물에게 물을 주다 ,pets
 asmr shorts pet dog 개 애완 동물,pets
애완 동물 자동 급식기,pets
애완동물 기니피그 아시나요   shorts,pets
나 대신 죽을 수 있는 애완동물  명을 땜 한다    용군TV 작두장군 용궁선녀  shorts,pets
의심이 많은 복떠니 ,pets
가슴줄을 처음 해보는 진돗개,pets
물먹는 햄스터 애완동물,pets
 애완동물  재미있는,pets
도시 강아지에서 시골개가 된 루퐁이 근황   ,pets
강아지한테 물먹고 입닦는 방법을 알려줬더니    ,pets
 토리  토끼  애완동물  애완토끼,pets
제목 개말라 인간 보고서  시즌  ep          죽 죽 젠장 포카리,pets
야바위하는   강아지  말티즈  애완동물,pets
어린 주인님 호위무사들,pets
매일 형아만 목 빠지게 기다리는 댕댕이  shorts,pets
 애완동물  재미있는,pets
마토불렀는데 새끼가오네용   애완견 강아지 애완동물,pets
 asmr shorts pet dog 개 애완 동물,pets
 애완동물   재미있는,pets
슬픈 반려견을 위해 주인이 한 메시지            funny  웃긴영상  꿀잼  귀여운  동물  쇼츠  강아지  힐링  shorts  반려견,pets
 asmr shorts pet dog 개 애완 동물,pets
 asmr shorts pet dog 개 애완 동물,pets
기요미 친칠라 Chinchilla  cute  Chinchilla shorts 동물 애완동물 탈주범 탈출의귀재 도망자 master of escape,pets
숯불 삼치구이에 소주한잔,pets
 애완동물  재미있는,pets
길냥이에게 치킨을 줬더니    선물을 가지고 찾아왔어요   shorts,pets
애완동물의 일상  ,pets
간식 먹으러 가는 애완 거북이  애완동물 거북이 간식,pets
애완동물 표지판 목줄 배변봉투,pets
집사들이 방심하면 안되는 이유,pets
 애완동물  재미있는  음악,pets
diy pet salon   inspired by  ToriCrafts  DIY 애완 동물 살롱      youtubeshorts  shorts,pets
하이   animal  cat  켓  catlover  고양이  냥이  애완동물  동물,pets
자다깨서 허둥지둥 아빠 마중나오는 고양이 ,pets
칭찬에 약한 강아지    진돗개 ,pets
오빠들 싸움 말리는 명구  애완동물  중형견  진도개  진도믹스견  고양이  냥이  치즈냥  스핑크스,pets
 흔하고핫한  게코  게코도마뱀  물멍  애완동물  망고일상,pets
 애완견  애완동물  반려견  with my  babies,pets
고양이 황소개구리 만나다 반려동물 일상,pets
애완동물의 일상  ,pets
 강아지  고양이  동물쇼츠  개냥이  애완동물  힐링,pets
 애완동물  재미있는,pets
토끼  터널 애완동물 장난감 매우 좋아하네요,pets
인도에 부는 반려동물 열풍  shorts ,pets
냥아치가되려면  강아지  dog  반려동물  댕댕이  고양이  cat,pets
사랑의 무게는 다르지 않아요   IFULUV  VIBE 김성욱  임윤정 부부   이누 아리 두리 이야기  반려동물  강아지  반려인  반려문화  강아지입양  IFULUVTV,pets
온몸이 비에 젖어 혼자 있는 아기 강아지를 구조했더니 생긴 변화,pets
 TV 동물농장 레전드    키워       네    키우라고  홀연히 나타나 마당 점령한 친화력 갑 강쥐  남매    TV동물농장  AnimalFarm  SBSstory,pets
   도라 유치원갈때 내복 입자니까 입기싫다는 강아지  강아지  겨울  영하  내복  패딩,pets
당근 쪼아쪼아  기니피그  애완동물  guineapig,pets
웃긴 동물들 모음  탄    ,pets
운남강아지  중국  애완동물,pets
 왜 얘가 먼저 간단 걸 생각 안 했지   펫로스 증후군  극복하려면   SBS  뉴스,pets
 Vlog  시간순삭  꼬질한 강아지들이 귀여워지는 애견미용 브이로그   베들링턴테리어 미용   요크셔테리어미용   힐링브이로그  ,pets
똑똑한 강아지 약 먹이는 법  ,pets
간식 고구마 먹는 모찌구찌또찌  기니피그 애완동물 guinea pig,pets
 asmr shorts pet dog 개 애완 동물,pets
숑이오빠냥이에게반격하는날  강아지  dog  반려동물,pets
    년  월 이벤트  구리퐁 라이프 시즌   리뷰 및 공략  엄청난 애완동물 위시권을 포함한 각종 꿀같은 보상 획득 가능  라테일   나빌레이어 ,pets
간식 더 달라고 서럽게 흐느껴 우는 강아지    ,pets
 asmr shorts pet dog 개 애완 동물,pets
애완동물로 기생충을 구매한 유튜버   ,pets
 asmr shorts pet dog 개 애완 동물,pets
나는 가끔   뭘 해도 용서되는 강아지가 되고 싶다       거부할 수 없는 강아지들 몰아보기   Binge Watch On Dogs You Can t Resist,pets
동물 사진을 오려 붙였더니 강아지 반응   ,pets
듣도 보도 못한 동물들,pets
반려동물 찜질방에 대한 제 뇌피셜입니다 ,pets
고양이 코스프레 해주는 여자친구  shorts  쿨한커플  코스프레,pets
퇴근하고 집에 오니까  humor  cute  dog  shorts,pets
너 이개 살꺼야  얼마라고  아이고  시장  개  멍멍이  반려견  애완동물  애완견  애완용품,pets
반려동물 관리사에 도전해보세요,pets
인권 침해라구요  ,pets
 asmr shorts pet dog 개 애완 동물,pets
 asmr shorts pet dog 개 애완 동물,pets
요즘 외국에서 애완동물로 인기라는 피그미 염소  shorts,pets
강아지 울타리 반려견 애완견 애완동물 애견 펜스 휀스 펫도어 안전문 칸막이,pets
내 최고의 애완동물  ,pets
정글 촬영 중  아기강아지가 자꾸 따라오네요    ,pets
 자기가 제일 쎈줄아는 울아들     반려동물  반려견  강아지  puppy  dog  animal   shorts,pets
길고양이 도와주는 방법  고양이  반려묘  반려동물  냥이  냥스타그램    냥스타그램  냥스타그램   집사  cat  catstagram  catlife  cats,pets
포메라니안 원숭이 시기는 왜 겪을까   강아지  강형욱  반려견  반려동물,pets
절 버리지 마세요,pets
오늘핫딜  강아지 고양이 트래킹 백 애완 동물 수하물 캐버스 휴대용 가방 크로스 숄더              할인,pets
별이를 찾습니다  노견  백내장 때문에 눈이 잘안보여요  강원도 횡성군   실종반려동물찾기   강아지   말티푸   말티즈   푸들   별이  연락처는 댓글에 있습니다,pets
 들개는 뭐가 달라요   개  반려견  애완동물  동물  문화  food,pets
 asmr shorts pet dog 개 애완 동물,pets
죽은 반려동물 가지고 장난친 사람들 썰 풀어봅니다  미친,pets
 asmr shorts pet dog 개 애완 동물,pets
 asmr shorts pet dog 개 애완 동물,pets
할말이 읎다      애완동물  식탐  고문  학대,pets
G    빨아쓰는배변패드 애완동물 회장실 비끄럼방지 반영구 배변판 매트,pets
 asmr shorts pet dog 개 애완 동물,pets
 asmr shorts pet dog 개 애완 동물,pets
 asmr shorts pet dog 개 애완 동물,pets
  남매이야기  댕댕이들 간식주기  반려동물  반려견  강아지반응         ,pets
순수재미 동물들,pets
어디서든 인자한 강아지     ,pets
 동물LOG     도림천의 새들     ,pets
 도그마루 보호소  시바이누 애기를 소개합니다 ,pets
 도그마루 보호소  코리안숏헤어 오등어를 소개합니다 ,pets
마이펫의 이중생활  ,pets
 도그마루 보호소  말티푸 아카를 소개합니다 ,pets
깡순이 왜그래                                                                                    애완동물,pets
 도그마루 보호소  말티푸 노을이를 소개합니다 ,pets
개를 위한 편안한 음악  음악은 애완동물의 휴식과 행복을 도와줍니다 새가 지저귀는 노래,pets
This pit bulls got incredible restraint   protect his brother is all he cares,pets
이제는 혼자서도 무서워 하지 않고 잘 자게 된 강아지,pets
 월  일 강아지 덕의 하루 자고 먹고 뛰고  태어난지 이제 한달 좀 지났고  견종은 패터데일테리어  귀여운 강아지 ,pets
세계에서 가장 귀여운 아기동물 TOP   ,pets
고양이들은 뭐하고 놀까 ,pets
어깨위에 서있는 미어캣에게 내려가라고 눈치줘보기  반려동물  pet  꾸꾸까까  animal  meerkat  challenge  pets,pets
반려동물 슈가 글라이더가 출산을 하자  ,pets
집사 덥치는 토끼 쥬쥬  꺅  수아살려     수아  토끼  반려묘  동물  애완동물  남자  상남자  발정  남자토끼  엽기  엽기토끼  나쁜놈,pets
그들은 길잃은 새끼 고양이를 개에게 던졌다  개가 다음에 한 일은 모두 충격받은 이유,pets
 도그마루 보호소  코리안숏헤어 쿠키를 소개합니다 ,pets
 도그마루 보호소  코리안숏헤어 깜비를 소개합니다 ,pets
국내 단   명  희귀 직업 동물원 수의사  생방송투데이  LiveToday  SBSstory,pets
 도그마루 보호소  말티푸 까꿍이를 소개합니다 ,pets
 도그마루 보호소  코리안숏헤어 하양이를 소개합니다 ,pets
 도그마루 보호소  베들링턴테리어 라떼를 소개합니다 ,pets
평소에 생각지도 못한 특이한 특징을 가진 동물 TOP ,pets
뇌병변유튜버집에 있는 강아지 미르가 더 귀여운 생각 합니다,pets
 입양후기  어마어마하게 자란 포키    그리고 포키의 누나들,pets
 도그마루 보호소  코리안숏헤어 여름이를 소개합니다 ,pets
한탕  노리고 갔다가 희귀동물한테 후드려 맞은 사연은          유댕스 웤웤    Ep   이색동물펫샵 편  feat 정브르 ,pets
   Funny Bunny Videos    Awesome Bunnies Compilation,pets
미어캣과 미어캣이 처음 만나면 생기는일  pet  반려동물  meerkat  animal  꾸꾸까까  pets  펫쇼,pets
댕댕이 유치원   삐약이반   입학하는 시츄 강아지       ,pets
반려동물 보호자라면      공감  ,pets
     Funny videos of little bunnies   cute bunnies,pets
 도그마루 보호소  코리안숏헤어 겨울이를 소개합니다 ,pets
Funniest Smart Pets and Animal Tricks of      Compilation   Funny Pet Videos,pets
Illegal Amazon Jungle Meat   Peru s SHOCKING Belen Market  ,pets
묘기 뽐내는 고양이,pets
So Cute Pets   Videos Compilation cutest and funniest moment of the animals  Cute Moments,pets
귀여운 동물의  이왜진   코알라  북극곰 ,pets
THE BEST SEAFOOD V DEOS   by chef faruk GEZEN,pets
   Weirdest Foods Eaten Around The World,pets
글자 생방 최고의 사냥터  요람  첫 파사 드가자잇  메이플랜드,pets
Funny Animals Reaction   Baby Shark Doo Doo   Funny Videos,pets
한국 진돗개가 인기 폭발하는 이유 ,pets
Mystery Pool Challenge With Cow Buffalo Goat Camel Sheep Don t Choose The Wrong Milk With Cow Video,pets
평화로운 동물나라    ,pets
오천원에샀어요 만원에팔아요 나는야 겁나귀여운 사기꾼  울집댕댕이   미키    말티즈  미소천사  오늘의주인공  동물농장,pets
평화로운 동물나라    ,pets
올빼미가 갈까마귀에 갇혀 보복을 당하다,pets
FERRETS Taking Over TikTok   FUNNIEST Trending,pets
Kids At The Zoo  Compilation,pets
귀여운 행동만 골라 하는 고양이들  고양이,pets
비둘기는 남자에게 도움을 청했지만 이웃은 이를 막았습니다,pets
Dogs Who Can Beat Even Lion And Leopards II Most Brave And Fearless Dogs Of The World,pets
귀여운 아기 오리 가족이 왔어요 너무도 귀여운 청둥 오리 가족  강아지  댕댕이  고양이  동물  야생동물  애완견,pets
 강아지  반려동물  기싸움  이기지도못할싸움,pets
알파카 구름이가 나를 아이컨택 하면 생기는일  ,pets
Top    UNESCO World Heritage Sites You Need to Visit Before You Die   Travel Video,pets
애완동물의 일상  ,pets
 개월 식습관  여자아이   shorts  반려동물  노라도  이탈리안그레이하운드 이그하  강아지일상,pets
너무나도 귀여운 고양이 서커스       ,pets
Funniest Babies Scared of Weird Decorations Videos   Just Funniest,pets
Funny Babies Cry Because of Crazy Situations   Funny Video    Just Funniest,pets
She s the QUEEN of FAILS       Funny Videos   AFV     ,pets
Choose food challenge   Which fruit is fake and which is not     shorts Best video by Hmelkofm,pets
서로 이상하게 생각하는 집사와 주인,pets
